-- 文章相關數據表的測試數據

TRUNCATE content_category;
INSERT INTO content_category
VALUES (1, '跑步', '', 99, 1, 1, '2023-09-08 08:00:00', '2023-09-08 08:00:00'),
       (2, '足球', '', 99, 1, 1, '2023-09-08 08:00:00', '2023-09-08 08:00:00'),
       (3, '籃球', '', 99, 1, 1, '2023-09-08 08:00:00', '2023-09-08 08:00:00'),
       (4, '健身與訓練', '', 99, 1, 1, '2023-09-08 08:00:00', '2023-09-08 08:00:00'),
       (5, '瑜珈', '', 99, 1, 1, '2023-09-08 08:00:00', '2023-09-08 08:00:00'),
       (6, '滑板', '', 99, 1, 1, '2023-09-08 08:00:00', '2023-09-08 08:00:00'),
       (7, '網球', '', 99, 1, 1, '2023-09-08 08:00:00', '2023-09-08 08:00:00'),
       (8, '高爾夫', '', 99, 1, 1, '2023-09-08 08:00:00', '2023-09-08 08:00:00');

TRUNCATE content_article;
INSERT INTO content_article (id, author_id, author_name, category_id, category_name, title, brief, cover_url, keywords, ip, sort, up_count, down_count, click_count, comment_count, check_state, is_display, is_recommend, gmt_create, gmt_modified) VALUES (1, 1, 'root', 1, '跑步', '這份武夷巖茶的簡介，建議收藏！', '武夷巖茶是產於閩北武夷山巖上烏龍茶類的總稱，主要品種有大紅袍、水仙、奇種、肉桂、名叢等。其中，最為名貴、品質最優的就是大紅袍。', 'http://localhost:28082/tmall-static/resources/article-image/2023/09/05/547736f5-e1e0-4259-9cbd-44b2e40926eb.png', '[{"id":26, "name":"經驗"}]', '127.0.0.1', 99, 0, 0, 0, 0, 1, 1, 1, '2023-09-08 08:00:00', '2023-09-08 08:00:00');
INSERT INTO content_article (id, author_id, author_name, category_id, category_name, title, brief, cover_url, keywords, ip, sort, up_count, down_count, click_count, comment_count, check_state, is_display, is_recommend, gmt_create, gmt_modified) VALUES (2, 1, 'root', 2, '足球', '雲南紅茶有哪些品種', '雲南紅茶品種豐富，有滇紅工夫茶、滇紅金絲、滇紅金針、滇紅金螺、滇紅金芽、野生紅茶、普洱曬紅、紫鵑紅茶、紅碎茶等，其外形各有特定規格，身骨重實，色澤調勻，沖泡後湯色紅鮮明亮，金圈突出，香氣鮮爽，滋味濃強，富有刺激性，葉底紅勻鮮亮，濃、強、鮮為其特色。', 'http://localhost:28082/tmall-static/resources/article-image/2023/09/05/fe24baf0-c029-412a-94d0-bdf6055d7a72.png', '[{"id":26, "name":"經驗"}]', '127.0.0.1', 99, 0, 0, 0, 0, 1, 1, 1, '2023-09-08 08:00:00', '2023-09-08 08:00:00');
INSERT INTO content_article (id, author_id, author_name, category_id, category_name, title, brief, cover_url, keywords, ip, sort, up_count, down_count, click_count, comment_count, check_state, is_display, is_recommend, gmt_create, gmt_modified) VALUES (3, 1, 'root', 3, '籃球', '烏龍茶和普洱茶的區別', '烏龍茶和普洱茶在產地、外形、工藝、滋味等幾個方面均有區別。
產地：烏龍茶主產於福建、廣東兩省，而普洱茶產於雲南西雙版納、臨滄等地。
外形：烏龍茶幹茶卷曲，肥壯勻整，茶毫不顯，而普洱茶條索肥壯狹長，白毫顯露。
工藝：烏龍茶采用獨特的做青工藝，普洱茶為殺青、曬青工藝或渥堆發酵。
滋味：烏龍茶醇爽甘鮮，七泡余香，而普洱茶醇厚飽滿，滋味濃強。', 'http://localhost:28082/tmall-static/resources/article-image/2023/09/05/25e8ee26-28d7-4f16-843e-b43ebc68ae62.png', '[{"id":26, "name":"經驗"}]', '127.0.0.1', 99, 0, 0, 0, 0, 1, 1, 1, '2023-09-08 08:00:00', '2023-09-08 08:00:00');
INSERT INTO content_article (id, author_id, author_name, category_id, category_name, title, brief, cover_url, keywords, ip, sort, up_count, down_count, click_count, comment_count, check_state, is_display, is_recommend, gmt_create, gmt_modified) VALUES (4, 1, 'root', 1, '經驗', '中國奶茶發源地', '內蒙古是遊牧民族的故鄉，也是奶茶（蒙古奶茶）的最初發源地。蒙古高原和中亞地區的奶茶千百年來從未改變，至今仍然是日常飲用及待客的必備飲料。其他地區則有不同口味的奶茶，如印度奶茶以加入瑪薩拉的特殊香料聞名；發源於香港的絲襪奶茶和發源於台灣的珍珠奶茶也獨具特色。', 'http://localhost:28082/tmall-static/resources/article-image/2023/09/05/ff947d6d-d652-49cd-b000-469c6646cd31.png', '[{"id":26, "name":"經驗"}]', '127.0.0.1', 99, 0, 0, 0, 0, 1, 1, 1, '2023-09-08 08:00:00', '2023-09-08 08:00:00');
INSERT INTO content_article (id, author_id, author_name, category_id, category_name, title, brief, cover_url, keywords, ip, sort, up_count, down_count, click_count, comment_count, check_state, is_display, is_recommend, gmt_create, gmt_modified) VALUES (5, 1, 'root', 1, '經驗', '中國四大毛尖是哪四種', '中國四大毛尖分別為信陽毛尖、都勻毛尖、古丈毛尖、溈山毛尖。
信陽毛尖：外形細、圓、光、直、多白毫，香高持久，滋味濃醇。
都勻毛尖：緊結纖細卷曲、披毫，色綠翠。香清高，味鮮濃。
古丈毛尖：被譽為"綠茶中的珍品"，特點為緊直多毫、色澤翠綠、滋味醇爽回甘。
溈山毛尖：外形微卷，色澤黃亮油潤，白毫顯露，湯色橙黃透亮，滋味醇甜爽口。', 'http://localhost:28082/tmall-static/resources/article-image/2023/09/05/08965a95-3874-4025-9969-82f61065948c.png', '[{"id":26, "name":"經驗"}]', '127.0.0.1', 99, 0, 0, 0, 0, 1, 1, 1, '2023-09-08 08:00:00', '2023-09-08 08:00:00');
INSERT INTO content_article (id, author_id, author_name, category_id, category_name, title, brief, cover_url, keywords, ip, sort, up_count, down_count, click_count, comment_count, check_state, is_display, is_recommend, gmt_create, gmt_modified) VALUES (6, 1, 'root', 1, '經驗', '357克普洱茶餅尺寸', '以357克普洱茶餅為例，其直徑一般為18~19厘米，周長58.4厘米，重量為357克（凈重），中心厚度2.5厘米，邊緣厚度為1厘米左右，以上參數僅供參考，並非絕對值，因為根據不同的廠家，不同的制作工藝，以及形制需求不同，茶餅的規格都存在一定變化和差異，所以並非定數。', 'http://localhost:28082/tmall-static/resources/article-image/2023/09/05/584a8f58-d6b4-4e7a-885c-7d8f929d2657.png', '[{"id":26, "name":"經驗"}]', '127.0.0.1', 99, 0, 0, 0, 0, 1, 1, 1, '2023-09-08 08:00:00', '2023-09-08 08:00:00');
INSERT INTO content_article (id, author_id, author_name, category_id, category_name, title, brief, cover_url, keywords, ip, sort, up_count, down_count, click_count, comment_count, check_state, is_display, is_recommend, gmt_create, gmt_modified) VALUES (7, 1, 'root', 1, '經驗', '長期收藏白茶，是選擇散茶，還是餅茶', '白茶，有“一年為茶，三年為寶，七年為藥”的說法，因此很多人都喜歡收藏白茶。那收藏散茶好，還是餅茶好呢？', 'http://localhost:28082/tmall-static/resources/article-image/2023/09/05/4c9b6739-948a-4c84-9328-b8ddf21d49eb.png', '[{"id":26, "name":"經驗"}]', '127.0.0.1', 99, 0, 0, 0, 0, 1, 1, 1, '2023-09-08 08:00:00', '2023-09-08 08:00:00');
INSERT INTO content_article (id, author_id, author_name, category_id, category_name, title, brief, cover_url, keywords, ip, sort, up_count, down_count, click_count, comment_count, check_state, is_display, is_recommend, gmt_create, gmt_modified) VALUES (8, 1, 'root', 1, '經驗', '靖安白茶是什麽茶', '靖安白茶是綠茶中的珍稀品種，又稱不發酵茶、白化茶，主產於江西省宜春市靖安縣，其成品茶多為二葉一芯嫩芽，在春季發芽時，新梢嫩葉的葉色呈可逆性白化現象，滿披白毫，外形條素天然，色為玉霜，光亮油潤，肉質自然展開頗具高雅特色。其氨基酸含量是高檔綠茶的6-8倍，倍受人們喜愛。', 'http://localhost:28082/tmall-static/resources/article-image/2023/09/05/0ce4bbb8-f6a2-42d0-b5f8-625118fe4e83.png', '[{"id":26, "name":"經驗"}]', '127.0.0.1', 99, 0, 0, 0, 0, 1, 1, 1, '2023-09-08 08:00:00', '2023-09-08 08:00:00');
INSERT INTO content_article (id, author_id, author_name, category_id, category_name, title, brief, cover_url, keywords, ip, sort, up_count, down_count, click_count, comment_count, check_state, is_display, is_recommend, gmt_create, gmt_modified) VALUES (9, 1, 'root', 1, '經驗', '日月潭紅茶介紹', '日月潭紅茶屬全發酵茶，產自台灣南投縣魚池鄉，由大葉種茶樹鮮葉制作而成，具有形美、香高、味醇等特點。台灣日月潭紅茶，幹茶外形條索粗壯，色澤烏黑油潤，湯色通透明艷，杯壁顯金圈，香氣醇和，帶有蘭花香，滋味甘甜，口感醇厚。', 'http://localhost:28082/tmall-static/resources/article-image/2023/09/05/c0caf9db-4302-4ff6-ae63-ba94c3d21f10.png', '[{"id":26, "name":"經驗"}]', '127.0.0.1', 99, 0, 0, 0, 0, 1, 1, 1, '2023-09-08 08:00:00', '2023-09-08 08:00:00');
INSERT INTO content_article (id, author_id, author_name, category_id, category_name, title, brief, cover_url, keywords, ip, sort, up_count, down_count, click_count, comment_count, check_state, is_display, is_recommend, gmt_create, gmt_modified) VALUES (10, 1, 'root', 1, '經驗', '滿隴紅茶是什麽茶', '滿隴紅茶是浙江紅茶的一種，產自杭州西湖南的山谷，其茶采用當地小葉種為原料，經萎雕、揉撚、發酵、幹燥等工藝制成，成品茶鮮醇甘爽，甜潤濃郁，同時具有形美、香高等特點，其茶條索細長卷曲，通體色澤烏潤，口感甜醇爽滑，滋味甜潤濃郁，兼西湖龍井之清雅，甜香馥郁持久，湯色橙紅明亮，清澈潔凈。', 'http://localhost:28082/tmall-static/resources/article-image/2023/09/05/c12ac3bf-7687-46f5-b97e-3bef794b0a3c.png', '[{"id":26, "name":"經驗"}]', '127.0.0.1', 99, 0, 0, 0, 0, 1, 1, 1, '2023-09-08 08:00:00', '2023-09-08 08:00:00');
INSERT INTO content_article (id, author_id, author_name, category_id, category_name, title, brief, cover_url, keywords, ip, sort, up_count, down_count, click_count, comment_count, check_state, is_display, is_recommend, gmt_create, gmt_modified) VALUES (11, 1, 'root', 1, '經驗', '單叢蜜蘭香介紹', '蜜蘭香是鳳凰單叢十大花蜜香型珍貴名叢之一，是鳳凰水仙群體中的傑出單株，屬烏龍茶系列，產於廣東省潮州市鳳凰鎮，它的母樹距今已經有600多年歷史了，它之所以叫做蜜蘭香，是因為它的成茶具有濃烈的番薯蜜味，其茶蜜香高銳持久，芝蘭香幽雅細長，滋味醇厚回甘，有“濃蜜幽蘭”特韻，飲後滿口生香，極耐沖泡', 'http://localhost:28082/tmall-static/resources/article-image/2023/09/05/c6021d14-91f0-457f-9406-4bf6f7e3a8a3.png', '[{"id":26, "name":"經驗"}]', '127.0.0.1', 99, 0, 0, 0, 0, 1, 1, 1, '2023-09-08 08:00:00', '2023-09-08 08:00:00');
INSERT INTO content_article (id, author_id, author_name, category_id, category_name, title, brief, cover_url, keywords, ip, sort, up_count, down_count, click_count, comment_count, check_state, is_display, is_recommend, gmt_create, gmt_modified) VALUES (12, 1, 'root', 1, '經驗', '家里種植的金絲菊可以嗮幹泡茶嗎', '家里種植的金絲菊不能嗮幹泡茶。菊花茶一般是以鮮嫩菊花花朵作為原料，經過采摘、陰幹、生曬蒸曬以及烘培等工序制作而成的，能沖泡飲用。但自家種的菊花為觀賞菊，不具備食用屬性，雖然進行了曬幹，但是未經過正規工藝加工，且成分尚不明確，因此不能直接泡茶。', 'http://localhost:28082/tmall-static/resources/article-image/2023/09/05/5a9feffd-d02f-495a-a3e7-6c8bdd24a96a.png', '[{"id":26, "name":"經驗"}]', '127.0.0.1', 99, 0, 0, 0, 0, 1, 1, 1, '2023-09-08 08:00:00', '2023-09-08 08:00:00');
INSERT INTO content_article (id, author_id, author_name, category_id, category_name, title, brief, cover_url, keywords, ip, sort, up_count, down_count, click_count, comment_count, check_state, is_display, is_recommend, gmt_create, gmt_modified) VALUES (13, 1, 'root', 2, '攻效', '日月潭紅茶介紹', '日月潭紅茶屬全發酵茶，產自台灣南投縣魚池鄉，由大葉種茶樹鮮葉制作而成，具有形美、香高、味醇等特點。台灣日月潭紅茶，幹茶外形條索粗壯，色澤烏黑油潤，湯色通透明艷，杯壁顯金圈，香氣醇和，帶有蘭花香，滋味甘甜，口感醇厚。', 'http://localhost:28082/tmall-static/resources/article-image/2023/09/05/c0caf9db-4302-4ff6-ae63-ba94c3d21f10.png', '[{"id":26, "name":"經驗"}]', '127.0.0.1', 99, 0, 0, 0, 0, 1, 1, 0, '2023-09-08 08:00:00', '2023-09-08 08:00:00');
INSERT INTO content_article (id, author_id, author_name, category_id, category_name, title, brief, cover_url, keywords, ip, sort, up_count, down_count, click_count, comment_count, check_state, is_display, is_recommend, gmt_create, gmt_modified) VALUES (14, 1, 'root', 2, '攻效', '烏龍茶和普洱茶的區別', '烏龍茶和普洱茶在產地、外形、工藝、滋味等幾個方面均有區別。
產地：烏龍茶主產於福建、廣東、兩省，而普洱茶產於雲南西雙版納、臨滄等地。
外形：烏龍茶幹茶卷曲，肥壯勻整，茶毫不顯，而普洱茶條索肥壯狹長，白毫顯露。
工藝：烏龍茶采用獨特的做青工藝，普洱茶為殺青、曬青工藝或渥堆發酵。
滋味：烏龍茶醇爽甘鮮，七泡余香，而普洱茶醇厚飽滿，滋味濃強。', 'http://localhost:28082/tmall-static/resources/article-image/2023/09/05/25e8ee26-28d7-4f16-843e-b43ebc68ae62.png', '[{"id":26, "name":"經驗"}]', '127.0.0.1', 99, 0, 0, 0, 0, 1, 1, 0, '2023-09-08 08:00:00', '2023-09-08 08:00:00');
INSERT INTO content_article (id, author_id, author_name, category_id, category_name, title, brief, cover_url, keywords, ip, sort, up_count, down_count, click_count, comment_count, check_state, is_display, is_recommend, gmt_create, gmt_modified) VALUES (15, 1, 'root', 2, '攻效', '家里種植的金絲菊可以嗮幹泡茶嗎', '家里種植的金絲菊不能嗮幹泡茶。菊花茶一般是以鮮嫩菊花花朵作為原料，經過采摘、陰幹、生曬蒸曬以及烘培等工序制作而成的，能沖泡飲用。但自家種的菊花為觀賞菊，不具備食用屬性，雖然進行了曬幹，但是未經過正規工藝加工，且成分尚不明確，因此不能直接泡茶。', 'http://localhost:28082/tmall-static/resources/article-image/2023/09/05/5a9feffd-d02f-495a-a3e7-6c8bdd24a96a.png', '[{"id":26, "name":"經驗"}]', '127.0.0.1', 99, 0, 0, 0, 0, 1, 1, 0, '2023-09-08 08:00:00', '2023-09-08 08:00:00');
INSERT INTO content_article (id, author_id, author_name, category_id, category_name, title, brief, cover_url, keywords, ip, sort, up_count, down_count, click_count, comment_count, check_state, is_display, is_recommend, gmt_create, gmt_modified) VALUES (16, 1, 'root', 2, '攻效', '中國奶茶發源地', '內蒙古是遊牧民族的故鄉，也是奶茶（蒙古奶茶）的最初發源地。蒙古高原和中亞地區的奶茶千百年來從未改變，至今仍然是日常飲用及待客的必備飲料。其他地區則有不同口味的奶茶，如印度奶茶以加入瑪薩拉的特殊香料聞名；發源於香港的絲襪奶茶和發源於台灣的珍珠奶茶也獨具特色。', 'http://localhost:28082/tmall-static/resources/article-image/2023/09/05/ff947d6d-d652-49cd-b000-469c6646cd31.png', '[{"id":26, "name":"經驗"}]', '127.0.0.1', 99, 0, 0, 0, 0, 1, 1, 0, '2023-09-08 08:00:00', '2023-09-08 08:00:00');
INSERT INTO content_article (id, author_id, author_name, category_id, category_name, title, brief, cover_url, keywords, ip, sort, up_count, down_count, click_count, comment_count, check_state, is_display, is_recommend, gmt_create, gmt_modified) VALUES (17, 1, 'root', 2, '攻效', '中國四大毛尖是哪四種', '中國四大毛尖分別為信陽毛尖、都勻毛尖、古丈毛尖、溈山毛尖。
信陽毛尖：外形細、圓、光、直、多白毫，香高持久，滋味濃醇。
都勻毛尖：緊結纖細卷曲、披毫，色綠翠。香清高，味鮮濃。
古丈毛尖：被譽為"綠茶中的珍品"，特點為緊直多毫、色澤翠綠、滋味醇爽回甘。
溈山毛尖：外形微卷，色澤黃亮油潤，白毫顯露，湯色橙黃透亮，滋味醇甜爽口。', 'http://localhost:28082/tmall-static/resources/article-image/2023/09/05/08965a95-3874-4025-9969-82f61065948c.png', '[{"id":26, "name":"經驗"}]', '127.0.0.1', 99, 0, 0, 0, 0, 1, 1, 0, '2023-09-08 08:00:00', '2023-09-08 08:00:00');
INSERT INTO content_article (id, author_id, author_name, category_id, category_name, title, brief, cover_url, keywords, ip, sort, up_count, down_count, click_count, comment_count, check_state, is_display, is_recommend, gmt_create, gmt_modified) VALUES (18, 1, 'root', 2, '攻效', '滿隴紅茶是什麽茶', '滿隴紅茶是浙江紅茶的一種，產自杭州西湖南的山谷，其茶采用當地小葉種為原料，經萎雕、揉撚、發酵、幹燥等工藝制成，成品茶鮮醇甘爽，甜潤濃郁，同時具有形美、香高等特點，其茶條索細長卷曲，通體色澤烏潤，口感甜醇爽滑，滋味甜潤濃郁，兼西湖龍井之清雅，甜香馥郁持久，湯色橙紅明亮，清澈潔凈。', 'http://localhost:28082/tmall-static/resources/article-image/2023/09/05/c12ac3bf-7687-46f5-b97e-3bef794b0a3c.png', '[{"id":26, "name":"經驗"}]', '127.0.0.1', 99, 0, 0, 0, 0, 1, 1, 0, '2023-09-08 08:00:00', '2023-09-08 08:00:00');
INSERT INTO content_article (id, author_id, author_name, category_id, category_name, title, brief, cover_url, keywords, ip, sort, up_count, down_count, click_count, comment_count, check_state, is_display, is_recommend, gmt_create, gmt_modified) VALUES (19, 1, 'root', 2, '攻效', '357克普洱茶餅尺寸', '以357克普洱茶餅為例，其直徑一般為18~19厘米，周長58.4厘米，重量為357克（凈重），中心厚度2.5厘米，邊緣厚度為1厘米左右，以上參數僅供參考，並非絕對值，因為根據不同的廠家，不同的制作工藝，以及形制需求不同，茶餅的規格都存在一定變化和差異，所以並非定數。', 'http://localhost:28082/tmall-static/resources/article-image/2023/09/05/584a8f58-d6b4-4e7a-885c-7d8f929d2657.png', '[{"id":26, "name":"經驗"}]', '127.0.0.1', 99, 0, 0, 0, 0, 1, 1, 0, '2023-09-08 08:00:00', '2023-09-08 08:00:00');
INSERT INTO content_article (id, author_id, author_name, category_id, category_name, title, brief, cover_url, keywords, ip, sort, up_count, down_count, click_count, comment_count, check_state, is_display, is_recommend, gmt_create, gmt_modified) VALUES (20, 1, 'root', 2, '攻效', '靖安白茶是什麽茶', '靖安白茶是綠茶中的珍稀品種，又稱不發酵茶、白化茶，主產於江西省宜春市靖安縣，其成品茶多為二葉一芯嫩芽，在春季發芽時，新梢嫩葉的葉色呈可逆性白化現象，滿披白毫，外形條素天然，色為玉霜，光亮油潤，肉質自然展開頗具高雅特色。其氨基酸含量是高檔綠茶的6-8倍，倍受人們喜愛。', 'http://localhost:28082/tmall-static/resources/article-image/2023/09/05/0ce4bbb8-f6a2-42d0-b5f8-625118fe4e83.png', '[{"id":26, "name":"經驗"}]', '127.0.0.1', 99, 0, 0, 0, 0, 1, 1, 0, '2023-09-08 08:00:00', '2023-09-08 08:00:00');
INSERT INTO content_article (id, author_id, author_name, category_id, category_name, title, brief, cover_url, keywords, ip, sort, up_count, down_count, click_count, comment_count, check_state, is_display, is_recommend, gmt_create, gmt_modified) VALUES (21, 1, 'root', 2, '攻效', '長期收藏白茶，是選擇散茶，還是餅茶', '白茶，有“一年為茶，三年為寶，七年為藥”的說法，因此很多人都喜歡收藏白茶。那收藏散茶好，還是餅茶好呢？', 'http://localhost:28082/tmall-static/resources/article-image/2023/09/05/4c9b6739-948a-4c84-9328-b8ddf21d49eb.png', '[{"id":26, "name":"經驗"}]', '127.0.0.1', 99, 0, 0, 0, 0, 1, 1, 0, '2023-09-08 08:00:00', '2023-09-08 08:00:00');
INSERT INTO content_article (id, author_id, author_name, category_id, category_name, title, brief, cover_url, keywords, ip, sort, up_count, down_count, click_count, comment_count, check_state, is_display, is_recommend, gmt_create, gmt_modified) VALUES (22, 1, 'root', 2, '攻效', '雲南紅茶有哪些品種', '雲南紅茶品種豐富，有滇紅工夫茶、滇紅金絲、滇紅金針、滇紅金螺、滇紅金芽、野生紅茶、普洱曬紅、紫鵑紅茶、紅碎茶等，其外形各有特定規格，身骨重實，色澤調勻，沖泡後湯色紅鮮明亮，金圈突出，香氣鮮爽，滋味濃強，富有刺激性，葉底紅勻鮮亮，濃、強、鮮為其特色。', 'http://localhost:28082/tmall-static/resources/article-image/2023/09/05/fe24baf0-c029-412a-94d0-bdf6055d7a72.png', '[{"id":26, "name":"經驗"}]', '127.0.0.1', 99, 0, 0, 0, 0, 1, 1, 0, '2023-09-08 08:00:00', '2023-09-08 08:00:00');
INSERT INTO content_article (id, author_id, author_name, category_id, category_name, title, brief, cover_url, keywords, ip, sort, up_count, down_count, click_count, comment_count, check_state, is_display, is_recommend, gmt_create, gmt_modified) VALUES (23, 1, 'root', 2, '攻效', '這份武夷巖茶的簡介，建議收藏！', '武夷巖茶是產於閩北武夷山巖上烏龍茶類的總稱，主要品種有大紅袍、水仙、奇種、肉桂、名叢等。其中，最為名貴、品質最優的就是大紅袍。', 'http://localhost:28082/tmall-static/resources/article-image/2023/09/05/547736f5-e1e0-4259-9cbd-44b2e40926eb.png', '[{"id":26, "name":"經驗"}]', '127.0.0.1', 99, 0, 0, 0, 0, 1, 1, 0, '2023-09-08 08:00:00', '2023-09-08 08:00:00');
INSERT INTO content_article (id, author_id, author_name, category_id, category_name, title, brief, cover_url, keywords, ip, sort, up_count, down_count, click_count, comment_count, check_state, is_display, is_recommend, gmt_create, gmt_modified) VALUES (24, 1, 'root', 2, '攻效', '單叢蜜蘭香介紹', '蜜蘭香是鳳凰單叢十大花蜜香型珍貴名叢之一，是鳳凰水仙群體中的傑出單株，屬烏龍茶系列，產於廣東省潮州市鳳凰鎮，它的母樹距今已經有600多年歷史了，它之所以叫做蜜蘭香，是因為它的成茶具有濃烈的番薯蜜味，其茶蜜香高銳持久，芝蘭香幽雅細長，滋味醇厚回甘，有“濃蜜幽蘭”特韻，飲後滿口生香，極耐沖泡', 'http://localhost:28082/tmall-static/resources/article-image/2023/09/05/c6021d14-91f0-457f-9406-4bf6f7e3a8a3.png', '[{"id":26, "name":"經驗"}]', '127.0.0.1', 99, 0, 0, 0, 0, 1, 1, 0, '2023-09-08 08:00:00', '2023-09-08 08:00:00');
INSERT INTO content_article (id, author_id, author_name, category_id, category_name, title, brief, cover_url, keywords, ip, sort, up_count, down_count, click_count, comment_count, check_state, is_display, is_recommend, gmt_create, gmt_modified) VALUES (25, 1, 'root', 3, '存放', '長期收藏白茶，是選擇散茶，還是餅茶', '白茶，有“一年為茶，三年為寶，七年為藥”的說法，因此很多人都喜歡收藏白茶。那收藏散茶好，還是餅茶好呢？', 'http://localhost:28082/tmall-static/resources/article-image/2023/09/05/4c9b6739-948a-4c84-9328-b8ddf21d49eb.png', '[{"id":26, "name":"經驗"}]', '127.0.0.1', 99, 0, 0, 0, 0, 1, 1, 0, '2023-09-08 08:00:00', '2023-09-08 08:00:00');
INSERT INTO content_article (id, author_id, author_name, category_id, category_name, title, brief, cover_url, keywords, ip, sort, up_count, down_count, click_count, comment_count, check_state, is_display, is_recommend, gmt_create, gmt_modified) VALUES (26, 1, 'root', 3, '存放', '日月潭紅茶介紹', '日月潭紅茶屬全發酵茶，產自台灣南投縣魚池鄉，由大葉種茶樹鮮葉制作而成，具有形美、香高、味醇等特點。台灣日月潭紅茶，幹茶外形條索粗壯，色澤烏黑油潤，湯色通透明艷，杯壁顯金圈，香氣醇和，帶有蘭花香，滋味甘甜，口感醇厚。', 'http://localhost:28082/tmall-static/resources/article-image/2023/09/05/c0caf9db-4302-4ff6-ae63-ba94c3d21f10.png', '[{"id":26, "name":"經驗"}]', '127.0.0.1', 99, 0, 0, 0, 0, 1, 1, 0, '2023-09-08 08:00:00', '2023-09-08 08:00:00');
INSERT INTO content_article (id, author_id, author_name, category_id, category_name, title, brief, cover_url, keywords, ip, sort, up_count, down_count, click_count, comment_count, check_state, is_display, is_recommend, gmt_create, gmt_modified) VALUES (27, 1, 'root', 3, '存放', '滿隴紅茶是什麽茶', '滿隴紅茶是浙江紅茶的一種，產自杭州西湖南的山谷，其茶采用當地小葉種為原料，經萎雕、揉撚、發酵、幹燥等工藝制成，成品茶鮮醇甘爽，甜潤濃郁，同時具有形美、香高等特點，其茶條索細長卷曲，通體色澤烏潤，口感甜醇爽滑，滋味甜潤濃郁，兼西湖龍井之清雅，甜香馥郁持久，湯色橙紅明亮，清澈潔凈。', 'http://localhost:28082/tmall-static/resources/article-image/2023/09/05/c12ac3bf-7687-46f5-b97e-3bef794b0a3c.png', '[{"id":26, "name":"經驗"}]', '127.0.0.1', 99, 0, 0, 0, 0, 1, 1, 0, '2023-09-08 08:00:00', '2023-09-08 08:00:00');
INSERT INTO content_article (id, author_id, author_name, category_id, category_name, title, brief, cover_url, keywords, ip, sort, up_count, down_count, click_count, comment_count, check_state, is_display, is_recommend, gmt_create, gmt_modified) VALUES (28, 1, 'root', 3, '存放', '這份武夷巖茶的簡介，建議收藏！', '武夷巖茶是產於閩北武夷山巖上烏龍茶類的總稱，主要品種有大紅袍、水仙、奇種、肉桂、名叢等。其中，最為名貴、品質最優的就是大紅袍。', 'http://localhost:28082/tmall-static/resources/article-image/2023/09/05/547736f5-e1e0-4259-9cbd-44b2e40926eb.png', '[{"id":26, "name":"經驗"}]', '127.0.0.1', 99, 0, 0, 0, 0, 1, 1, 0, '2023-09-08 08:00:00', '2023-09-08 08:00:00');
INSERT INTO content_article (id, author_id, author_name, category_id, category_name, title, brief, cover_url, keywords, ip, sort, up_count, down_count, click_count, comment_count, check_state, is_display, is_recommend, gmt_create, gmt_modified) VALUES (29, 1, 'root', 3, '存放', '靖安白茶是什麽茶', '靖安白茶是綠茶中的珍稀品種，又稱不發酵茶、白化茶，主產於江西省宜春市靖安縣，其成品茶多為二葉一芯嫩芽，在春季發芽時，新梢嫩葉的葉色呈可逆性白化現象，滿披白毫，外形條素天然，色為玉霜，光亮油潤，肉質自然展開頗具高雅特色。其氨基酸含量是高檔綠茶的6-8倍，倍受人們喜愛。', 'http://localhost:28082/tmall-static/resources/article-image/2023/09/05/0ce4bbb8-f6a2-42d0-b5f8-625118fe4e83.png', '[{"id":26, "name":"經驗"}]', '127.0.0.1', 99, 0, 0, 0, 0, 1, 1, 0, '2023-09-08 08:00:00', '2023-09-08 08:00:00');
INSERT INTO content_article (id, author_id, author_name, category_id, category_name, title, brief, cover_url, keywords, ip, sort, up_count, down_count, click_count, comment_count, check_state, is_display, is_recommend, gmt_create, gmt_modified) VALUES (30, 1, 'root', 3, '存放', '家里種植的金絲菊可以嗮幹泡茶嗎', '家里種植的金絲菊不能嗮幹泡茶。菊花茶一般是以鮮嫩菊花花朵作為原料，經過采摘、陰幹、生曬蒸曬以及烘培等工序制作而成的，能沖泡飲用。但自家種的菊花為觀賞菊，不具備食用屬性，雖然進行了曬幹，但是未經過正規工藝加工，且成分尚不明確，因此不能直接泡茶。', 'http://localhost:28082/tmall-static/resources/article-image/2023/09/05/5a9feffd-d02f-495a-a3e7-6c8bdd24a96a.png', '[{"id":26, "name":"經驗"}]', '127.0.0.1', 99, 0, 0, 0, 0, 1, 1, 0, '2023-09-08 08:00:00', '2023-09-08 08:00:00');
INSERT INTO content_article (id, author_id, author_name, category_id, category_name, title, brief, cover_url, keywords, ip, sort, up_count, down_count, click_count, comment_count, check_state, is_display, is_recommend, gmt_create, gmt_modified) VALUES (31, 1, 'root', 3, '存放', '雲南紅茶有哪些品種', '雲南紅茶品種豐富，有滇紅工夫茶、滇紅金絲、滇紅金針、滇紅金螺、滇紅金芽、野生紅茶、普洱曬紅、紫鵑紅茶、紅碎茶等，其外形各有特定規格，身骨重實，色澤調勻，沖泡後湯色紅鮮明亮，金圈突出，香氣鮮爽，滋味濃強，富有刺激性，葉底紅勻鮮亮，濃、強、鮮為其特色。', 'http://localhost:28082/tmall-static/resources/article-image/2023/09/05/fe24baf0-c029-412a-94d0-bdf6055d7a72.png', '[{"id":26, "name":"經驗"}]', '127.0.0.1', 99, 0, 0, 0, 0, 1, 1, 0, '2023-09-08 08:00:00', '2023-09-08 08:00:00');
INSERT INTO content_article (id, author_id, author_name, category_id, category_name, title, brief, cover_url, keywords, ip, sort, up_count, down_count, click_count, comment_count, check_state, is_display, is_recommend, gmt_create, gmt_modified) VALUES (32, 1, 'root', 3, '存放', '357克普洱茶餅尺寸', '以357克普洱茶餅為例，其直徑一般為18~19厘米，周長58.4厘米，重量為357克（凈重），中心厚度2.5厘米，邊緣厚度為1厘米左右，以上參數僅供參考，並非絕對值，因為根據不同的廠家，不同的制作工藝，以及形制需求不同，茶餅的規格都存在一定變化和差異，所以並非定數。', 'http://localhost:28082/tmall-static/resources/article-image/2023/09/05/584a8f58-d6b4-4e7a-885c-7d8f929d2657.png', '[{"id":26, "name":"經驗"}]', '127.0.0.1', 99, 0, 0, 0, 0, 1, 1, 0, '2023-09-08 08:00:00', '2023-09-08 08:00:00');
INSERT INTO content_article (id, author_id, author_name, category_id, category_name, title, brief, cover_url, keywords, ip, sort, up_count, down_count, click_count, comment_count, check_state, is_display, is_recommend, gmt_create, gmt_modified) VALUES (33, 1, 'root', 3, '存放', '中國奶茶發源地', '內蒙古是遊牧民族的故鄉，也是奶茶（蒙古奶茶）的最初發源地。蒙古高原和中亞地區的奶茶千百年來從未改變，至今仍然是日常飲用及待客的必備飲料。其他地區則有不同口味的奶茶，如印度奶茶以加入瑪薩拉的特殊香料聞名；發源於香港的絲襪奶茶和發源於台灣的珍珠奶茶也獨具特色。', 'http://localhost:28082/tmall-static/resources/article-image/2023/09/05/ff947d6d-d652-49cd-b000-469c6646cd31.png', '[{"id":26, "name":"經驗"}]', '127.0.0.1', 99, 0, 0, 0, 0, 1, 1, 0, '2023-09-08 08:00:00', '2023-09-08 08:00:00');
INSERT INTO content_article (id, author_id, author_name, category_id, category_name, title, brief, cover_url, keywords, ip, sort, up_count, down_count, click_count, comment_count, check_state, is_display, is_recommend, gmt_create, gmt_modified) VALUES (34, 1, 'root', 3, '存放', '烏龍茶和普洱茶的區別', '烏龍茶和普洱茶在產地、外形、工藝、滋味等幾個方面均有區別。
產地：烏龍茶主產於福建、廣東兩省，而普洱茶產於雲南西雙版納、臨滄等地。
外形：烏龍茶幹茶卷曲，肥壯勻整，茶毫不顯，而普洱茶條索肥壯狹長，白毫顯露。
工藝：烏龍茶采用獨特的做青工藝，普洱茶為殺青、曬青工藝或渥堆發酵。
滋味：烏龍茶醇爽甘鮮，七泡余香，而普洱茶醇厚飽滿，滋味濃強。', 'http://localhost:28082/tmall-static/resources/article-image/2023/09/05/25e8ee26-28d7-4f16-843e-b43ebc68ae62.png', '[{"id":26, "name":"經驗"}]', '127.0.0.1', 99, 0, 0, 0, 0, 1, 1, 0, '2023-09-08 08:00:00', '2023-09-08 08:00:00');
INSERT INTO content_article (id, author_id, author_name, category_id, category_name, title, brief, cover_url, keywords, ip, sort, up_count, down_count, click_count, comment_count, check_state, is_display, is_recommend, gmt_create, gmt_modified) VALUES (35, 1, 'root', 3, '存放', '中國四大毛尖是哪四種', '中國四大毛尖分別為信陽毛尖、都勻毛尖、古丈毛尖、溈山毛尖。
信陽毛尖：外形細、圓、光、直、多白毫，香高持久，滋味濃醇。
都勻毛尖：緊結纖細卷曲、披毫，色綠翠。香清高，味鮮濃。
古丈毛尖：被譽為"綠茶中的珍品"，特點為緊直多毫、色澤翠綠、滋味醇爽回甘。
溈山毛尖：外形微卷，色澤黃亮油潤，白毫顯露，湯色橙黃透亮，滋味醇甜爽口。', 'http://localhost:28082/tmall-static/resources/article-image/2023/09/05/08965a95-3874-4025-9969-82f61065948c.png', '[{"id":26, "name":"經驗"}]', '127.0.0.1', 99, 0, 0, 0, 0, 1, 1, 0, '2023-09-08 08:00:00', '2023-09-08 08:00:00');
INSERT INTO content_article (id, author_id, author_name, category_id, category_name, title, brief, cover_url, keywords, ip, sort, up_count, down_count, click_count, comment_count, check_state, is_display, is_recommend, gmt_create, gmt_modified) VALUES (36, 1, 'root', 3, '存放', '單叢蜜蘭香介紹', '蜜蘭香是鳳凰單叢十大花蜜香型珍貴名叢之一，是鳳凰水仙群體中的傑出單株，屬烏龍茶系列，產於廣東省潮州市鳳凰鎮，它的母樹距今已經有600多年歷史了，它之所以叫做蜜蘭香，是因為它的成茶具有濃烈的番薯蜜味，其茶蜜香高銳持久，芝蘭香幽雅細長，滋味醇厚回甘，有“濃蜜幽蘭”特韻，飲後滿口生香，極耐沖泡', 'http://localhost:28082/tmall-static/resources/article-image/2023/09/05/c6021d14-91f0-457f-9406-4bf6f7e3a8a3.png', '[{"id":26, "name":"經驗"}]', '127.0.0.1', 99, 0, 0, 0, 0, 1, 1, 0, '2023-09-08 08:00:00', '2023-09-08 08:00:00');
INSERT INTO content_article (id, author_id, author_name, category_id, category_name, title, brief, cover_url, keywords, ip, sort, up_count, down_count, click_count, comment_count, check_state, is_display, is_recommend, gmt_create, gmt_modified) VALUES (37, 1, 'root', 4, '沖泡', '中國奶茶發源地', '內蒙古是遊牧民族的故鄉，也是奶茶（蒙古奶茶）的最初發源地。蒙古高原和中亞地區的奶茶千百年來從未改變，至今仍然是日常飲用及待客的必備飲料。其他地區則有不同口味的奶茶，如印度奶茶以加入瑪薩拉的特殊香料聞名；發源於香港的絲襪奶茶和發源於台灣的珍珠奶茶也獨具特色。', 'http://localhost:28082/tmall-static/resources/article-image/2023/09/05/ff947d6d-d652-49cd-b000-469c6646cd31.png', '[{"id":26, "name":"經驗"}]', '127.0.0.1', 99, 0, 0, 0, 0, 1, 1, 0, '2023-09-08 08:00:00', '2023-09-08 08:00:00');
INSERT INTO content_article (id, author_id, author_name, category_id, category_name, title, brief, cover_url, keywords, ip, sort, up_count, down_count, click_count, comment_count, check_state, is_display, is_recommend, gmt_create, gmt_modified) VALUES (38, 1, 'root', 4, '沖泡', '日月潭紅茶介紹', '日月潭紅茶屬全發酵茶，產自台灣南投縣魚池鄉，由大葉種茶樹鮮葉制作而成，具有形美、香高、味醇等特點。台灣日月潭紅茶，幹茶外形條索粗壯，色澤烏黑油潤，湯色通透明艷，杯壁顯金圈，香氣醇和，帶有蘭花香，滋味甘甜，口感醇厚。', 'http://localhost:28082/tmall-static/resources/article-image/2023/09/05/c0caf9db-4302-4ff6-ae63-ba94c3d21f10.png', '[{"id":26, "name":"經驗"}]', '127.0.0.1', 99, 0, 0, 0, 0, 1, 1, 0, '2023-09-08 08:00:00', '2023-09-08 08:00:00');
INSERT INTO content_article (id, author_id, author_name, category_id, category_name, title, brief, cover_url, keywords, ip, sort, up_count, down_count, click_count, comment_count, check_state, is_display, is_recommend, gmt_create, gmt_modified) VALUES (39, 1, 'root', 4, '沖泡', '這份武夷巖茶的簡介，建議收藏！', '武夷巖茶是產於閩北武夷山巖上烏龍茶類的總稱，主要品種有大紅袍、水仙、奇種、肉桂、名叢等。其中，最為名貴、品質最優的就是大紅袍。', 'http://localhost:28082/tmall-static/resources/article-image/2023/09/05/547736f5-e1e0-4259-9cbd-44b2e40926eb.png', '[{"id":26, "name":"經驗"}]', '127.0.0.1', 99, 0, 0, 0, 0, 1, 1, 0, '2023-09-08 08:00:00', '2023-09-08 08:00:00');
INSERT INTO content_article (id, author_id, author_name, category_id, category_name, title, brief, cover_url, keywords, ip, sort, up_count, down_count, click_count, comment_count, check_state, is_display, is_recommend, gmt_create, gmt_modified) VALUES (40, 1, 'root', 4, '沖泡', '滿隴紅茶是什麽茶', '滿隴紅茶是浙江紅茶的一種，產自杭州西湖南的山谷，其茶采用當地小葉種為原料，經萎雕、揉撚、發酵、幹燥等工藝制成，成品茶鮮醇甘爽，甜潤濃郁，同時具有形美、香高等特點，其茶條索細長卷曲，通體色澤烏潤，口感甜醇爽滑，滋味甜潤濃郁，兼西湖龍井之清雅，甜香馥郁持久，湯色橙紅明亮，清澈潔凈。', 'http://localhost:28082/tmall-static/resources/article-image/2023/09/05/c12ac3bf-7687-46f5-b97e-3bef794b0a3c.png', '[{"id":26, "name":"經驗"}]', '127.0.0.1', 99, 0, 0, 0, 0, 1, 1, 0, '2023-09-08 08:00:00', '2023-09-08 08:00:00');
INSERT INTO content_article (id, author_id, author_name, category_id, category_name, title, brief, cover_url, keywords, ip, sort, up_count, down_count, click_count, comment_count, check_state, is_display, is_recommend, gmt_create, gmt_modified) VALUES (41, 1, 'root', 4, '沖泡', '烏龍茶和普洱茶的區別', '烏龍茶和普洱茶在產地、外形、工藝、滋味等幾個方面均有區別。
產地：烏龍茶主產於福建、廣東兩省，而普洱茶產於雲南西雙版納、臨滄等地。
外形：烏龍茶幹茶卷曲，肥壯勻整，茶毫不顯，而普洱茶條索肥壯狹長，白毫顯露。
工藝：烏龍茶采用獨特的做青工藝，普洱茶為殺青、曬青工藝或渥堆發酵。
滋味：烏龍茶醇爽甘鮮，七泡余香，而普洱茶醇厚飽滿，滋味濃強。', 'http://localhost:28082/tmall-static/resources/article-image/2023/09/05/25e8ee26-28d7-4f16-843e-b43ebc68ae62.png', '[{"id":26, "name":"經驗"}]', '127.0.0.1', 99, 0, 0, 0, 0, 1, 1, 0, '2023-09-08 08:00:00', '2023-09-08 08:00:00');
INSERT INTO content_article (id, author_id, author_name, category_id, category_name, title, brief, cover_url, keywords, ip, sort, up_count, down_count, click_count, comment_count, check_state, is_display, is_recommend, gmt_create, gmt_modified) VALUES (42, 1, 'root', 4, '沖泡', '靖安白茶是什麽茶', '靖安白茶是綠茶中的珍稀品種，又稱不發酵茶、白化茶，主產於江西省宜春市靖安縣，其成品茶多為二葉一芯嫩芽，在春季發芽時，新梢嫩葉的葉色呈可逆性白化現象，滿披白毫，外形條素天然，色為玉霜，光亮油潤，肉質自然展開頗具高雅特色。其氨基酸含量是高檔綠茶的6-8倍，倍受人們喜愛。', 'http://localhost:28082/tmall-static/resources/article-image/2023/09/05/0ce4bbb8-f6a2-42d0-b5f8-625118fe4e83.png', '[{"id":26, "name":"經驗"}]', '127.0.0.1', 99, 0, 0, 0, 0, 1, 1, 0, '2023-09-08 08:00:00', '2023-09-08 08:00:00');
INSERT INTO content_article (id, author_id, author_name, category_id, category_name, title, brief, cover_url, keywords, ip, sort, up_count, down_count, click_count, comment_count, check_state, is_display, is_recommend, gmt_create, gmt_modified) VALUES (43, 1, 'root', 4, '沖泡', '中國四大毛尖是哪四種', '中國四大毛尖分別為信陽毛尖、都勻毛尖、古丈毛尖、溈山毛尖。
信陽毛尖：外形細、圓、光、直、多白毫，香高持久，滋味濃醇。
都勻毛尖：緊結纖細卷曲、披毫，色綠翠。香清高，味鮮濃。
古丈毛尖：被譽為"綠茶中的珍品"，特點為緊直多毫、色澤翠綠、滋味醇爽回甘。
溈山毛尖：外形微卷，色澤黃亮油潤，白毫顯露，湯色橙黃透亮，滋味醇甜爽口。', 'http://localhost:28082/tmall-static/resources/article-image/2023/09/05/08965a95-3874-4025-9969-82f61065948c.png', '[{"id":26, "name":"經驗"}]', '127.0.0.1', 99, 0, 0, 0, 0, 1, 1, 0, '2023-09-08 08:00:00', '2023-09-08 08:00:00');
INSERT INTO content_article (id, author_id, author_name, category_id, category_name, title, brief, cover_url, keywords, ip, sort, up_count, down_count, click_count, comment_count, check_state, is_display, is_recommend, gmt_create, gmt_modified) VALUES (44, 1, 'root', 4, '沖泡', '357克普洱茶餅尺寸', '以357克普洱茶餅為例，其直徑一般為18~19厘米，周長58.4厘米，重量為357克（凈重），中心厚度2.5厘米，邊緣厚度為1厘米左右，以上參數僅供參考，並非絕對值，因為根據不同的廠家，不同的制作工藝，以及形制需求不同，茶餅的規格都存在一定變化和差異，所以並非定數。', 'http://localhost:28082/tmall-static/resources/article-image/2023/09/05/584a8f58-d6b4-4e7a-885c-7d8f929d2657.png', '[{"id":26, "name":"經驗"}]', '127.0.0.1', 99, 0, 0, 0, 0, 1, 1, 0, '2023-09-08 08:00:00', '2023-09-08 08:00:00');
INSERT INTO content_article (id, author_id, author_name, category_id, category_name, title, brief, cover_url, keywords, ip, sort, up_count, down_count, click_count, comment_count, check_state, is_display, is_recommend, gmt_create, gmt_modified) VALUES (45, 1, 'root', 4, '沖泡', '單叢蜜蘭香介紹', '蜜蘭香是鳳凰單叢十大花蜜香型珍貴名叢之一，是鳳凰水仙群體中的傑出單株，屬烏龍茶系列，產於廣東省潮州市鳳凰鎮，它的母樹距今已經有600多年歷史了，它之所以叫做蜜蘭香，是因為它的成茶具有濃烈的番薯蜜味，其茶蜜香高銳持久，芝蘭香幽雅細長，滋味醇厚回甘，有“濃蜜幽蘭”特韻，飲後滿口生香，極耐沖泡', 'http://localhost:28082/tmall-static/resources/article-image/2023/09/05/c6021d14-91f0-457f-9406-4bf6f7e3a8a3.png', '[{"id":26, "name":"經驗"}]', '127.0.0.1', 99, 0, 0, 0, 0, 1, 1, 0, '2023-09-08 08:00:00', '2023-09-08 08:00:00');
INSERT INTO content_article (id, author_id, author_name, category_id, category_name, title, brief, cover_url, keywords, ip, sort, up_count, down_count, click_count, comment_count, check_state, is_display, is_recommend, gmt_create, gmt_modified) VALUES (46, 1, 'root', 4, '沖泡', '長期收藏白茶，是選擇散茶，還是餅茶', '白茶，有“一年為茶，三年為寶，七年為藥”的說法，因此很多人都喜歡收藏白茶。那收藏散茶好，還是餅茶好呢？', 'http://localhost:28082/tmall-static/resources/article-image/2023/09/05/4c9b6739-948a-4c84-9328-b8ddf21d49eb.png', '[{"id":26, "name":"經驗"}]', '127.0.0.1', 99, 0, 0, 0, 0, 1, 1, 0, '2023-09-08 08:00:00', '2023-09-08 08:00:00');
INSERT INTO content_article (id, author_id, author_name, category_id, category_name, title, brief, cover_url, keywords, ip, sort, up_count, down_count, click_count, comment_count, check_state, is_display, is_recommend, gmt_create, gmt_modified) VALUES (47, 1, 'root', 4, '沖泡', '雲南紅茶有哪些品種', '雲南紅茶品種豐富，有滇紅工夫茶、滇紅金絲、滇紅金針、滇紅金螺、滇紅金芽、野生紅茶、普洱曬紅、紫鵑紅茶、紅碎茶等，其外形各有特定規格，身骨重實，色澤調勻，沖泡後湯色紅鮮明亮，金圈突出，香氣鮮爽，滋味濃強，富有刺激性，葉底紅勻鮮亮，濃、強、鮮為其特色。', 'http://localhost:28082/tmall-static/resources/article-image/2023/09/05/fe24baf0-c029-412a-94d0-bdf6055d7a72.png', '[{"id":26, "name":"經驗"}]', '127.0.0.1', 99, 0, 0, 0, 0, 1, 1, 0, '2023-09-08 08:00:00', '2023-09-08 08:00:00');
INSERT INTO content_article (id, author_id, author_name, category_id, category_name, title, brief, cover_url, keywords, ip, sort, up_count, down_count, click_count, comment_count, check_state, is_display, is_recommend, gmt_create, gmt_modified) VALUES (48, 1, 'root', 4, '沖泡', '家里種植的金絲菊可以嗮幹泡茶嗎', '家里種植的金絲菊不能嗮幹泡茶。菊花茶一般是以鮮嫩菊花花朵作為原料，經過采摘、陰幹、生曬蒸曬以及烘培等工序制作而成的，能沖泡飲用。但自家種的菊花為觀賞菊，不具備食用屬性，雖然進行了曬幹，但是未經過正規工藝加工，且成分尚不明確，因此不能直接泡茶。', 'http://localhost:28082/tmall-static/resources/article-image/2023/09/05/5a9feffd-d02f-495a-a3e7-6c8bdd24a96a.png', '[{"id":26, "name":"經驗"}]', '127.0.0.1', 99, 0, 0, 0, 0, 1, 1, 0, '2023-09-08 08:00:00', '2023-09-08 08:00:00');
INSERT INTO content_article (id, author_id, author_name, category_id, category_name, title, brief, cover_url, keywords, ip, sort, up_count, down_count, click_count, comment_count, check_state, is_display, is_recommend, gmt_create, gmt_modified) VALUES (49, 1, 'root', 5, '禁忌', '烏龍茶和普洱茶的區別', '烏龍茶和普洱茶在產地、外形、工藝、滋味等幾個方面均有區別。
產地：烏龍茶主產於福建、廣東兩省，而普洱茶產於雲南西雙版納、臨滄等地。
外形：烏龍茶幹茶卷曲，肥壯勻整，茶毫不顯，而普洱茶條索肥壯狹長，白毫顯露。
工藝：烏龍茶采用獨特的做青工藝，普洱茶為殺青、曬青工藝或渥堆發酵。
滋味：烏龍茶醇爽甘鮮，七泡余香，而普洱茶醇厚飽滿，滋味濃強。', 'http://localhost:28082/tmall-static/resources/article-image/2023/09/05/25e8ee26-28d7-4f16-843e-b43ebc68ae62.png', '[{"id":26, "name":"經驗"}]', '127.0.0.1', 99, 0, 0, 0, 0, 1, 1, 0, '2023-09-08 08:00:00', '2023-09-08 08:00:00');
INSERT INTO content_article (id, author_id, author_name, category_id, category_name, title, brief, cover_url, keywords, ip, sort, up_count, down_count, click_count, comment_count, check_state, is_display, is_recommend, gmt_create, gmt_modified) VALUES (50, 1, 'root', 5, '禁忌', '中國奶茶發源地', '內蒙古是遊牧民族的故鄉，也是奶茶（蒙古奶茶）的最初發源地。蒙古高原和中亞地區的奶茶千百年來從未改變，至今仍然是日常飲用及待客的必備飲料。其他地區則有不同口味的奶茶，如印度奶茶以加入瑪薩拉的特殊香料聞名；發源於香港的絲襪奶茶和發源於台灣的珍珠奶茶也獨具特色。', 'http://localhost:28082/tmall-static/resources/article-image/2023/09/05/ff947d6d-d652-49cd-b000-469c6646cd31.png', '[{"id":26, "name":"經驗"}]', '127.0.0.1', 99, 0, 0, 0, 0, 1, 1, 0, '2023-09-08 08:00:00', '2023-09-08 08:00:00');
INSERT INTO content_article (id, author_id, author_name, category_id, category_name, title, brief, cover_url, keywords, ip, sort, up_count, down_count, click_count, comment_count, check_state, is_display, is_recommend, gmt_create, gmt_modified) VALUES (51, 1, 'root', 5, '禁忌', '中國四大毛尖是哪四種', '中國四大毛尖分別為信陽毛尖、都勻毛尖、古丈毛尖、溈山毛尖。
信陽毛尖：外形細、圓、光、直、多白毫，香高持久，滋味濃醇。
都勻毛尖：緊結纖細卷曲、披毫，色綠翠。香清高，味鮮濃。
古丈毛尖：被譽為"綠茶中的珍品"，特點為緊直多毫、色澤翠綠、滋味醇爽回甘。
溈山毛尖：外形微卷，色澤黃亮油潤，白毫顯露，湯色橙黃透亮，滋味醇甜爽口。', 'http://localhost:28082/tmall-static/resources/article-image/2023/09/05/08965a95-3874-4025-9969-82f61065948c.png', '[{"id":26, "name":"經驗"}]', '127.0.0.1', 99, 0, 0, 0, 0, 1, 1, 0, '2023-09-08 08:00:00', '2023-09-08 08:00:00');
INSERT INTO content_article (id, author_id, author_name, category_id, category_name, title, brief, cover_url, keywords, ip, sort, up_count, down_count, click_count, comment_count, check_state, is_display, is_recommend, gmt_create, gmt_modified) VALUES (52, 1, 'root', 5, '禁忌', '雲南紅茶有哪些品種', '雲南紅茶品種豐富，有滇紅工夫茶、滇紅金絲、滇紅金針、滇紅金螺、滇紅金芽、野生紅茶、普洱曬紅、紫鵑紅茶、紅碎茶等，其外形各有特定規格，身骨重實，色澤調勻，沖泡後湯色紅鮮明亮，金圈突出，香氣鮮爽，滋味濃強，富有刺激性，葉底紅勻鮮亮，濃、強、鮮為其特色。', 'http://localhost:28082/tmall-static/resources/article-image/2023/09/05/fe24baf0-c029-412a-94d0-bdf6055d7a72.png', '[{"id":26, "name":"經驗"}]', '127.0.0.1', 99, 0, 0, 0, 0, 1, 1, 0, '2023-09-08 08:00:00', '2023-09-08 08:00:00');
INSERT INTO content_article (id, author_id, author_name, category_id, category_name, title, brief, cover_url, keywords, ip, sort, up_count, down_count, click_count, comment_count, check_state, is_display, is_recommend, gmt_create, gmt_modified) VALUES (53, 1, 'root', 5, '禁忌', '這份武夷巖茶的簡介，建議收藏！', '武夷巖茶是產於閩北武夷山巖上烏龍茶類的總稱，主要品種有大紅袍、水仙、奇種、肉桂、名叢等。其中，最為名貴、品質最優的就是大紅袍。', 'http://localhost:28082/tmall-static/resources/article-image/2023/09/05/547736f5-e1e0-4259-9cbd-44b2e40926eb.png', '[{"id":26, "name":"經驗"}]', '127.0.0.1', 99, 0, 0, 0, 0, 1, 1, 0, '2023-09-08 08:00:00', '2023-09-08 08:00:00');
INSERT INTO content_article (id, author_id, author_name, category_id, category_name, title, brief, cover_url, keywords, ip, sort, up_count, down_count, click_count, comment_count, check_state, is_display, is_recommend, gmt_create, gmt_modified) VALUES (54, 1, 'root', 5, '禁忌', '單叢蜜蘭香介紹', '蜜蘭香是鳳凰單叢十大花蜜香型珍貴名叢之一，是鳳凰水仙群體中的傑出單株，屬烏龍茶系列，產於廣東省潮州市鳳凰鎮，它的母樹距今已經有600多年歷史了，它之所以叫做蜜蘭香，是因為它的成茶具有濃烈的番薯蜜味，其茶蜜香高銳持久，芝蘭香幽雅細長，滋味醇厚回甘，有“濃蜜幽蘭”特韻，飲後滿口生香，極耐沖泡', 'http://localhost:28082/tmall-static/resources/article-image/2023/09/05/c6021d14-91f0-457f-9406-4bf6f7e3a8a3.png', '[{"id":26, "name":"經驗"}]', '127.0.0.1', 99, 0, 0, 0, 0, 1, 1, 0, '2023-09-08 08:00:00', '2023-09-08 08:00:00');
INSERT INTO content_article (id, author_id, author_name, category_id, category_name, title, brief, cover_url, keywords, ip, sort, up_count, down_count, click_count, comment_count, check_state, is_display, is_recommend, gmt_create, gmt_modified) VALUES (55, 1, 'root', 5, '禁忌', '靖安白茶是什麽茶', '靖安白茶是綠茶中的珍稀品種，又稱不發酵茶、白化茶，主產於江西省宜春市靖安縣，其成品茶多為二葉一芯嫩芽，在春季發芽時，新梢嫩葉的葉色呈可逆性白化現象，滿披白毫，外形條素天然，色為玉霜，光亮油潤，肉質自然展開頗具高雅特色。其氨基酸含量是高檔綠茶的6-8倍，倍受人們喜愛。', 'http://localhost:28082/tmall-static/resources/article-image/2023/09/05/0ce4bbb8-f6a2-42d0-b5f8-625118fe4e83.png', '[{"id":26, "name":"經驗"}]', '127.0.0.1', 99, 0, 0, 0, 0, 1, 1, 0, '2023-09-08 08:00:00', '2023-09-08 08:00:00');
INSERT INTO content_article (id, author_id, author_name, category_id, category_name, title, brief, cover_url, keywords, ip, sort, up_count, down_count, click_count, comment_count, check_state, is_display, is_recommend, gmt_create, gmt_modified) VALUES (56, 1, 'root', 5, '禁忌', '家里種植的金絲菊可以嗮幹泡茶嗎', '家里種植的金絲菊不能嗮幹泡茶。菊花茶一般是以鮮嫩菊花花朵作為原料，經過采摘、陰幹、生曬蒸曬以及烘培等工序制作而成的，能沖泡飲用。但自家種的菊花為觀賞菊，不具備食用屬性，雖然進行了曬幹，但是未經過正規工藝加工，且成分尚不明確，因此不能直接泡茶。', 'http://localhost:28082/tmall-static/resources/article-image/2023/09/05/5a9feffd-d02f-495a-a3e7-6c8bdd24a96a.png', '[{"id":26, "name":"經驗"}]', '127.0.0.1', 99, 0, 0, 0, 0, 1, 1, 0, '2023-09-08 08:00:00', '2023-09-08 08:00:00');
INSERT INTO content_article (id, author_id, author_name, category_id, category_name, title, brief, cover_url, keywords, ip, sort, up_count, down_count, click_count, comment_count, check_state, is_display, is_recommend, gmt_create, gmt_modified) VALUES (57, 1, 'root', 5, '禁忌', '長期收藏白茶，是選擇散茶，還是餅茶', '白茶，有“一年為茶，三年為寶，七年為藥”的說法，因此很多人都喜歡收藏白茶。那收藏散茶好，還是餅茶好呢？', 'http://localhost:28082/tmall-static/resources/article-image/2023/09/05/4c9b6739-948a-4c84-9328-b8ddf21d49eb.png', '[{"id":26, "name":"經驗"}]', '127.0.0.1', 99, 0, 0, 0, 0, 1, 1, 0, '2023-09-08 08:00:00', '2023-09-08 08:00:00');
INSERT INTO content_article (id, author_id, author_name, category_id, category_name, title, brief, cover_url, keywords, ip, sort, up_count, down_count, click_count, comment_count, check_state, is_display, is_recommend, gmt_create, gmt_modified) VALUES (58, 1, 'root', 5, '禁忌', '日月潭紅茶介紹', '日月潭紅茶屬全發酵茶，產自台灣南投縣魚池鄉，由大葉種茶樹鮮葉制作而成，具有形美、香高、味醇等特點。台灣日月潭紅茶，幹茶外形條索粗壯，色澤烏黑油潤，湯色通透明艷，杯壁顯金圈，香氣醇和，帶有蘭花香，滋味甘甜，口感醇厚。', 'http://localhost:28082/tmall-static/resources/article-image/2023/09/05/c0caf9db-4302-4ff6-ae63-ba94c3d21f10.png', '[{"id":26, "name":"經驗"}]', '127.0.0.1', 99, 0, 0, 0, 0, 1, 1, 0, '2023-09-08 08:00:00', '2023-09-08 08:00:00');
INSERT INTO content_article (id, author_id, author_name, category_id, category_name, title, brief, cover_url, keywords, ip, sort, up_count, down_count, click_count, comment_count, check_state, is_display, is_recommend, gmt_create, gmt_modified) VALUES (59, 1, 'root', 5, '禁忌', '滿隴紅茶是什麽茶', '滿隴紅茶是浙江紅茶的一種，產自杭州西湖南的山谷，其茶采用當地小葉種為原料，經萎雕、揉撚、發酵、幹燥等工藝制成，成品茶鮮醇甘爽，甜潤濃郁，同時具有形美、香高等特點，其茶條索細長卷曲，通體色澤烏潤，口感甜醇爽滑，滋味甜潤濃郁，兼西湖龍井之清雅，甜香馥郁持久，湯色橙紅明亮，清澈潔凈。', 'http://localhost:28082/tmall-static/resources/article-image/2023/09/05/c12ac3bf-7687-46f5-b97e-3bef794b0a3c.png', '[{"id":26, "name":"經驗"}]', '127.0.0.1', 99, 0, 0, 0, 0, 1, 1, 0, '2023-09-08 08:00:00', '2023-09-08 08:00:00');
INSERT INTO content_article (id, author_id, author_name, category_id, category_name, title, brief, cover_url, keywords, ip, sort, up_count, down_count, click_count, comment_count, check_state, is_display, is_recommend, gmt_create, gmt_modified) VALUES (60, 1, 'root', 5, '禁忌', '357克普洱茶餅尺寸', '以357克普洱茶餅為例，其直徑一般為18~19厘米，周長58.4厘米，重量為357克（凈重），中心厚度2.5厘米，邊緣厚度為1厘米左右，以上參數僅供參考，並非絕對值，因為根據不同的廠家，不同的制作工藝，以及形制需求不同，茶餅的規格都存在一定變化和差異，所以並非定數。', 'http://localhost:28082/tmall-static/resources/article-image/2023/09/05/584a8f58-d6b4-4e7a-885c-7d8f929d2657.png', '[{"id":26, "name":"經驗"}]', '127.0.0.1', 99, 0, 0, 0, 0, 1, 1, 0, '2023-09-08 08:00:00', '2023-09-08 08:00:00');
INSERT INTO content_article (id, author_id, author_name, category_id, category_name, title, brief, cover_url, keywords, ip, sort, up_count, down_count, click_count, comment_count, check_state, is_display, is_recommend, gmt_create, gmt_modified) VALUES (61, 1, 'root', 6, '茶器', '中國四大毛尖是哪四種', '中國四大毛尖分別為信陽毛尖、都勻毛尖、古丈毛尖、溈山毛尖。
信陽毛尖：外形細、圓、光、直、多白毫，香高持久，滋味濃醇。
都勻毛尖：緊結纖細卷曲、披毫，色綠翠。香清高，味鮮濃。
古丈毛尖：被譽為"綠茶中的珍品"，特點為緊直多毫、色澤翠綠、滋味醇爽回甘。
溈山毛尖：外形微卷，色澤黃亮油潤，白毫顯露，湯色橙黃透亮，滋味醇甜爽口。', 'http://localhost:28082/tmall-static/resources/article-image/2023/09/05/08965a95-3874-4025-9969-82f61065948c.png', '[{"id":26, "name":"經驗"}]', '127.0.0.1', 99, 0, 0, 0, 0, 1, 1, 0, '2023-09-08 08:00:00', '2023-09-08 08:00:00');
INSERT INTO content_article (id, author_id, author_name, category_id, category_name, title, brief, cover_url, keywords, ip, sort, up_count, down_count, click_count, comment_count, check_state, is_display, is_recommend, gmt_create, gmt_modified) VALUES (62, 1, 'root', 6, '茶器', '靖安白茶是什麽茶', '靖安白茶是綠茶中的珍稀品種，又稱不發酵茶、白化茶，主產於江西省宜春市靖安縣，其成品茶多為二葉一芯嫩芽，在春季發芽時，新梢嫩葉的葉色呈可逆性白化現象，滿披白毫，外形條素天然，色為玉霜，光亮油潤，肉質自然展開頗具高雅特色。其氨基酸含量是高檔綠茶的6-8倍，倍受人們喜愛。', 'http://localhost:28082/tmall-static/resources/article-image/2023/09/05/0ce4bbb8-f6a2-42d0-b5f8-625118fe4e83.png', '[{"id":26, "name":"經驗"}]', '127.0.0.1', 99, 0, 0, 0, 0, 1, 1, 0, '2023-09-08 08:00:00', '2023-09-08 08:00:00');
INSERT INTO content_article (id, author_id, author_name, category_id, category_name, title, brief, cover_url, keywords, ip, sort, up_count, down_count, click_count, comment_count, check_state, is_display, is_recommend, gmt_create, gmt_modified) VALUES (63, 1, 'root', 6, '茶器', '滿隴紅茶是什麽茶', '滿隴紅茶是浙江紅茶的一種，產自杭州西湖南的山谷，其茶采用當地小葉種為原料，經萎雕、揉撚、發酵、幹燥等工藝制成，成品茶鮮醇甘爽，甜潤濃郁，同時具有形美、香高等特點，其茶條索細長卷曲，通體色澤烏潤，口感甜醇爽滑，滋味甜潤濃郁，兼西湖龍井之清雅，甜香馥郁持久，湯色橙紅明亮，清澈潔凈。', 'http://localhost:28082/tmall-static/resources/article-image/2023/09/05/c12ac3bf-7687-46f5-b97e-3bef794b0a3c.png', '[{"id":26, "name":"經驗"}]', '127.0.0.1', 99, 0, 0, 0, 0, 1, 1, 0, '2023-09-08 08:00:00', '2023-09-08 08:00:00');
INSERT INTO content_article (id, author_id, author_name, category_id, category_name, title, brief, cover_url, keywords, ip, sort, up_count, down_count, click_count, comment_count, check_state, is_display, is_recommend, gmt_create, gmt_modified) VALUES (64, 1, 'root', 6, '茶器', '357克普洱茶餅尺寸', '以357克普洱茶餅為例，其直徑一般為18~19厘米，周長58.4厘米，重量為357克（凈重），中心厚度2.5厘米，邊緣厚度為1厘米左右，以上參數僅供參考，並非絕對值，因為根據不同的廠家，不同的制作工藝，以及形制需求不同，茶餅的規格都存在一定變化和差異，所以並非定數。', 'http://localhost:28082/tmall-static/resources/article-image/2023/09/05/584a8f58-d6b4-4e7a-885c-7d8f929d2657.png', '[{"id":26, "name":"經驗"}]', '127.0.0.1', 99, 0, 0, 0, 0, 1, 1, 0, '2023-09-08 08:00:00', '2023-09-08 08:00:00');
INSERT INTO content_article (id, author_id, author_name, category_id, category_name, title, brief, cover_url, keywords, ip, sort, up_count, down_count, click_count, comment_count, check_state, is_display, is_recommend, gmt_create, gmt_modified) VALUES (65, 1, 'root', 6, '茶器', '這份武夷巖茶的簡介，建議收藏！', '武夷巖茶是產於閩北武夷山巖上烏龍茶類的總稱，主要品種有大紅袍、水仙、奇種、肉桂、名叢等。其中，最為名貴、品質最優的就是大紅袍。', 'http://localhost:28082/tmall-static/resources/article-image/2023/09/05/547736f5-e1e0-4259-9cbd-44b2e40926eb.png', '[{"id":26, "name":"經驗"}]', '127.0.0.1', 99, 0, 0, 0, 0, 1, 1, 0, '2023-09-08 08:00:00', '2023-09-08 08:00:00');
INSERT INTO content_article (id, author_id, author_name, category_id, category_name, title, brief, cover_url, keywords, ip, sort, up_count, down_count, click_count, comment_count, check_state, is_display, is_recommend, gmt_create, gmt_modified) VALUES (66, 1, 'root', 6, '茶器', '日月潭紅茶介紹', '日月潭紅茶屬全發酵茶，產自台灣南投縣魚池鄉，由大葉種茶樹鮮葉制作而成，具有形美、香高、味醇等特點。台灣日月潭紅茶，幹茶外形條索粗壯，色澤烏黑油潤，湯色通透明艷，杯壁顯金圈，香氣醇和，帶有蘭花香，滋味甘甜，口感醇厚。', 'http://localhost:28082/tmall-static/resources/article-image/2023/09/05/c0caf9db-4302-4ff6-ae63-ba94c3d21f10.png', '[{"id":26, "name":"經驗"}]', '127.0.0.1', 99, 0, 0, 0, 0, 1, 1, 0, '2023-09-08 08:00:00', '2023-09-08 08:00:00');
INSERT INTO content_article (id, author_id, author_name, category_id, category_name, title, brief, cover_url, keywords, ip, sort, up_count, down_count, click_count, comment_count, check_state, is_display, is_recommend, gmt_create, gmt_modified) VALUES (67, 1, 'root', 6, '茶器', '單叢蜜蘭香介紹', '蜜蘭香是鳳凰單叢十大花蜜香型珍貴名叢之一，是鳳凰水仙群體中的傑出單株，屬烏龍茶系列，產於廣東省潮州市鳳凰鎮，它的母樹距今已經有600多年歷史了，它之所以叫做蜜蘭香，是因為它的成茶具有濃烈的番薯蜜味，其茶蜜香高銳持久，芝蘭香幽雅細長，滋味醇厚回甘，有“濃蜜幽蘭”特韻，飲後滿口生香，極耐沖泡', 'http://localhost:28082/tmall-static/resources/article-image/2023/09/05/c6021d14-91f0-457f-9406-4bf6f7e3a8a3.png', '[{"id":26, "name":"經驗"}]', '127.0.0.1', 99, 0, 0, 0, 0, 1, 1, 0, '2023-09-08 08:00:00', '2023-09-08 08:00:00');
INSERT INTO content_article (id, author_id, author_name, category_id, category_name, title, brief, cover_url, keywords, ip, sort, up_count, down_count, click_count, comment_count, check_state, is_display, is_recommend, gmt_create, gmt_modified) VALUES (68, 1, 'root', 6, '茶器', '中國奶茶發源地', '內蒙古是遊牧民族的故鄉，也是奶茶（蒙古奶茶）的最初發源地。蒙古高原和中亞地區的奶茶千百年來從未改變，至今仍然是日常飲用及待客的必備飲料。其他地區則有不同口味的奶茶，如印度奶茶以加入瑪薩拉的特殊香料聞名；發源於香港的絲襪奶茶和發源於台灣的珍珠奶茶也獨具特色。', 'http://localhost:28082/tmall-static/resources/article-image/2023/09/05/ff947d6d-d652-49cd-b000-469c6646cd31.png', '[{"id":26, "name":"經驗"}]', '127.0.0.1', 99, 0, 0, 0, 0, 1, 1, 0, '2023-09-08 08:00:00', '2023-09-08 08:00:00');
INSERT INTO content_article (id, author_id, author_name, category_id, category_name, title, brief, cover_url, keywords, ip, sort, up_count, down_count, click_count, comment_count, check_state, is_display, is_recommend, gmt_create, gmt_modified) VALUES (69, 1, 'root', 6, '茶器', '長期收藏白茶，是選擇散茶，還是餅茶', '白茶，有“一年為茶，三年為寶，七年為藥”的說法，因此很多人都喜歡收藏白茶。那收藏散茶好，還是餅茶好呢？', 'http://localhost:28082/tmall-static/resources/article-image/2023/09/05/4c9b6739-948a-4c84-9328-b8ddf21d49eb.png', '[{"id":26, "name":"經驗"}]', '127.0.0.1', 99, 0, 0, 0, 0, 1, 1, 0, '2023-09-08 08:00:00', '2023-09-08 08:00:00');
INSERT INTO content_article (id, author_id, author_name, category_id, category_name, title, brief, cover_url, keywords, ip, sort, up_count, down_count, click_count, comment_count, check_state, is_display, is_recommend, gmt_create, gmt_modified) VALUES (70, 1, 'root', 6, '茶器', '家里種植的金絲菊可以嗮幹泡茶嗎', '家里種植的金絲菊不能嗮幹泡茶。菊花茶一般是以鮮嫩菊花花朵作為原料，經過采摘、陰幹、生曬蒸曬以及烘培等工序制作而成的，能沖泡飲用。但自家種的菊花為觀賞菊，不具備食用屬性，雖然進行了曬幹，但是未經過正規工藝加工，且成分尚不明確，因此不能直接泡茶。', 'http://localhost:28082/tmall-static/resources/article-image/2023/09/05/5a9feffd-d02f-495a-a3e7-6c8bdd24a96a.png', '[{"id":26, "name":"經驗"}]', '127.0.0.1', 99, 0, 0, 0, 0, 1, 1, 0, '2023-09-08 08:00:00', '2023-09-08 08:00:00');
INSERT INTO content_article (id, author_id, author_name, category_id, category_name, title, brief, cover_url, keywords, ip, sort, up_count, down_count, click_count, comment_count, check_state, is_display, is_recommend, gmt_create, gmt_modified) VALUES (71, 1, 'root', 6, '茶器', '雲南紅茶有哪些品種', '雲南紅茶品種豐富，有滇紅工夫茶、滇紅金絲、滇紅金針、滇紅金螺、滇紅金芽、野生紅茶、普洱曬紅、紫鵑紅茶、紅碎茶等，其外形各有特定規格，身骨重實，色澤調勻，沖泡後湯色紅鮮明亮，金圈突出，香氣鮮爽，滋味濃強，富有刺激性，葉底紅勻鮮亮，濃、強、鮮為其特色。', 'http://localhost:28082/tmall-static/resources/article-image/2023/09/05/fe24baf0-c029-412a-94d0-bdf6055d7a72.png', '[{"id":26, "name":"經驗"}]', '127.0.0.1', 99, 0, 0, 0, 0, 1, 1, 0, '2023-09-08 08:00:00', '2023-09-08 08:00:00');
INSERT INTO content_article (id, author_id, author_name, category_id, category_name, title, brief, cover_url, keywords, ip, sort, up_count, down_count, click_count, comment_count, check_state, is_display, is_recommend, gmt_create, gmt_modified) VALUES (72, 1, 'root', 6, '茶器', '烏龍茶和普洱茶的區別', '烏龍茶和普洱茶在產地、外形、工藝、滋味等幾個方面均有區別。
產地：烏龍茶主產於福建、廣東兩省，而普洱茶產於雲南西雙版納、臨滄等地。
外形：烏龍茶幹茶卷曲，肥壯勻整，茶毫不顯，而普洱茶條索肥壯狹長，白毫顯露。
工藝：烏龍茶采用獨特的做青工藝，普洱茶為殺青、曬青工藝或渥堆發酵。
滋味：烏龍茶醇爽甘鮮，七泡余香，而普洱茶醇厚飽滿，滋味濃強。', 'http://localhost:28082/tmall-static/resources/article-image/2023/09/05/25e8ee26-28d7-4f16-843e-b43ebc68ae62.png', '[{"id":26, "name":"經驗"}]', '127.0.0.1', 99, 0, 0, 0, 0, 1, 1, 0, '2023-09-08 08:00:00', '2023-09-08 08:00:00');
INSERT INTO content_article (id, author_id, author_name, category_id, category_name, title, brief, cover_url, keywords, ip, sort, up_count, down_count, click_count, comment_count, check_state, is_display, is_recommend, gmt_create, gmt_modified) VALUES (73, 1, 'root', 7, '文化', '這份武夷巖茶的簡介，建議收藏！', '武夷巖茶是產於閩北武夷山巖上烏龍茶類的總稱，主要品種有大紅袍、水仙、奇種、肉桂、名叢等。其中，最為名貴、品質最優的就是大紅袍。', 'http://localhost:28082/tmall-static/resources/article-image/2023/09/05/547736f5-e1e0-4259-9cbd-44b2e40926eb.png', '[{"id":26, "name":"經驗"}]', '127.0.0.1', 99, 0, 0, 0, 0, 1, 1, 0, '2023-09-08 08:00:00', '2023-09-08 08:00:00');
INSERT INTO content_article (id, author_id, author_name, category_id, category_name, title, brief, cover_url, keywords, ip, sort, up_count, down_count, click_count, comment_count, check_state, is_display, is_recommend, gmt_create, gmt_modified) VALUES (74, 1, 'root', 7, '文化', '烏龍茶和普洱茶的區別', '烏龍茶和普洱茶在產地、外形、工藝、滋味等幾個方面均有區別。
產地：烏龍茶主產於福建、廣東兩省，而普洱茶產於雲南西雙版納、臨滄等地。
外形：烏龍茶幹茶卷曲，肥壯勻整，茶毫不顯，而普洱茶條索肥壯狹長，白毫顯露。
工藝：烏龍茶采用獨特的做青工藝，普洱茶為殺青、曬青工藝或渥堆發酵。
滋味：烏龍茶醇爽甘鮮，七泡余香，而普洱茶醇厚飽滿，滋味濃強。', 'http://localhost:28082/tmall-static/resources/article-image/2023/09/05/25e8ee26-28d7-4f16-843e-b43ebc68ae62.png', '[{"id":26, "name":"經驗"}]', '127.0.0.1', 99, 0, 0, 0, 0, 1, 1, 0, '2023-09-08 08:00:00', '2023-09-08 08:00:00');
INSERT INTO content_article (id, author_id, author_name, category_id, category_name, title, brief, cover_url, keywords, ip, sort, up_count, down_count, click_count, comment_count, check_state, is_display, is_recommend, gmt_create, gmt_modified) VALUES (75, 1, 'root', 7, '文化', '雲南紅茶有哪些品種', '雲南紅茶品種豐富，有滇紅工夫茶、滇紅金絲、滇紅金針、滇紅金螺、滇紅金芽、野生紅茶、普洱曬紅、紫鵑紅茶、紅碎茶等，其外形各有特定規格，身骨重實，色澤調勻，沖泡後湯色紅鮮明亮，金圈突出，香氣鮮爽，滋味濃強，富有刺激性，葉底紅勻鮮亮，濃、強、鮮為其特色。', 'http://localhost:28082/tmall-static/resources/article-image/2023/09/05/fe24baf0-c029-412a-94d0-bdf6055d7a72.png', '[{"id":26, "name":"經驗"}]', '127.0.0.1', 99, 0, 0, 0, 0, 1, 1, 0, '2023-09-08 08:00:00', '2023-09-08 08:00:00');
INSERT INTO content_article (id, author_id, author_name, category_id, category_name, title, brief, cover_url, keywords, ip, sort, up_count, down_count, click_count, comment_count, check_state, is_display, is_recommend, gmt_create, gmt_modified) VALUES (76, 1, 'root', 7, '文化', '單叢蜜蘭香介紹', '蜜蘭香是鳳凰單叢十大花蜜香型珍貴名叢之一，是鳳凰水仙群體中的傑出單株，屬烏龍茶系列，產於廣東省潮州市鳳凰鎮，它的母樹距今已經有600多年歷史了，它之所以叫做蜜蘭香，是因為它的成茶具有濃烈的番薯蜜味，其茶蜜香高銳持久，芝蘭香幽雅細長，滋味醇厚回甘，有“濃蜜幽蘭”特韻，飲後滿口生香，極耐沖泡', 'http://localhost:28082/tmall-static/resources/article-image/2023/09/05/c6021d14-91f0-457f-9406-4bf6f7e3a8a3.png', '[{"id":26, "name":"經驗"}]', '127.0.0.1', 99, 0, 0, 0, 0, 1, 1, 0, '2023-09-08 08:00:00', '2023-09-08 08:00:00');
INSERT INTO content_article (id, author_id, author_name, category_id, category_name, title, brief, cover_url, keywords, ip, sort, up_count, down_count, click_count, comment_count, check_state, is_display, is_recommend, gmt_create, gmt_modified) VALUES (77, 1, 'root', 7, '文化', '中國奶茶發源地', '內蒙古是遊牧民族的故鄉，也是奶茶（蒙古奶茶）的最初發源地。蒙古高原和中亞地區的奶茶千百年來從未改變，至今仍然是日常飲用及待客的必備飲料。其他地區則有不同口味的奶茶，如印度奶茶以加入瑪薩拉的特殊香料聞名；發源於香港的絲襪奶茶和發源於台灣的珍珠奶茶也獨具特色。', 'http://localhost:28082/tmall-static/resources/article-image/2023/09/05/ff947d6d-d652-49cd-b000-469c6646cd31.png', '[{"id":26, "name":"經驗"}]', '127.0.0.1', 99, 0, 0, 0, 0, 1, 1, 0, '2023-09-08 08:00:00', '2023-09-08 08:00:00');
INSERT INTO content_article (id, author_id, author_name, category_id, category_name, title, brief, cover_url, keywords, ip, sort, up_count, down_count, click_count, comment_count, check_state, is_display, is_recommend, gmt_create, gmt_modified) VALUES (78, 1, 'root', 7, '文化', '中國四大毛尖是哪四種', '中國四大毛尖分別為信陽毛尖、都勻毛尖、古丈毛尖、溈山毛尖。
信陽毛尖：外形細、圓、光、直、多白毫，香高持久，滋味濃醇。
都勻毛尖：緊結纖細卷曲、披毫，色綠翠。香清高，味鮮濃。
古丈毛尖：被譽為"綠茶中的珍品"，特點為緊直多毫、色澤翠綠、滋味醇爽回甘。
溈山毛尖：外形微卷，色澤黃亮油潤，白毫顯露，湯色橙黃透亮，滋味醇甜爽口。', 'http://localhost:28082/tmall-static/resources/article-image/2023/09/05/08965a95-3874-4025-9969-82f61065948c.png', '[{"id":26, "name":"經驗"}]', '127.0.0.1', 99, 0, 0, 0, 0, 1, 1, 0, '2023-09-08 08:00:00', '2023-09-08 08:00:00');
INSERT INTO content_article (id, author_id, author_name, category_id, category_name, title, brief, cover_url, keywords, ip, sort, up_count, down_count, click_count, comment_count, check_state, is_display, is_recommend, gmt_create, gmt_modified) VALUES (79, 1, 'root', 7, '文化', '357克普洱茶餅尺寸', '以357克普洱茶餅為例，其直徑一般為18~19厘米，周長58.4厘米，重量為357克（凈重），中心厚度2.5厘米，邊緣厚度為1厘米左右，以上參數僅供參考，並非絕對值，因為根據不同的廠家，不同的制作工藝，以及形制需求不同，茶餅的規格都存在一定變化和差異，所以並非定數。', 'http://localhost:28082/tmall-static/resources/article-image/2023/09/05/584a8f58-d6b4-4e7a-885c-7d8f929d2657.png', '[{"id":26, "name":"經驗"}]', '127.0.0.1', 99, 0, 0, 0, 0, 1, 1, 0, '2023-09-08 08:00:00', '2023-09-08 08:00:00');
INSERT INTO content_article (id, author_id, author_name, category_id, category_name, title, brief, cover_url, keywords, ip, sort, up_count, down_count, click_count, comment_count, check_state, is_display, is_recommend, gmt_create, gmt_modified) VALUES (80, 1, 'root', 7, '文化', '日月潭紅茶介紹', '日月潭紅茶屬全發酵茶，產自台灣南投縣魚池鄉，由大葉種茶樹鮮葉制作而成，具有形美、香高、味醇等特點。台灣日月潭紅茶，幹茶外形條索粗壯，色澤烏黑油潤，湯色通透明艷，杯壁顯金圈，香氣醇和，帶有蘭花香，滋味甘甜，口感醇厚。', 'http://localhost:28082/tmall-static/resources/article-image/2023/09/05/c0caf9db-4302-4ff6-ae63-ba94c3d21f10.png', '[{"id":26, "name":"經驗"}]', '127.0.0.1', 99, 0, 0, 0, 0, 1, 1, 0, '2023-09-08 08:00:00', '2023-09-08 08:00:00');
INSERT INTO content_article (id, author_id, author_name, category_id, category_name, title, brief, cover_url, keywords, ip, sort, up_count, down_count, click_count, comment_count, check_state, is_display, is_recommend, gmt_create, gmt_modified) VALUES (81, 1, 'root', 7, '文化', '長期收藏白茶，是選擇散茶，還是餅茶', '白茶，有“一年為茶，三年為寶，七年為藥”的說法，因此很多人都喜歡收藏白茶。那收藏散茶好，還是餅茶好呢？', 'http://localhost:28082/tmall-static/resources/article-image/2023/09/05/4c9b6739-948a-4c84-9328-b8ddf21d49eb.png', '[{"id":26, "name":"經驗"}]', '127.0.0.1', 99, 0, 0, 0, 0, 1, 1, 0, '2023-09-08 08:00:00', '2023-09-08 08:00:00');
INSERT INTO content_article (id, author_id, author_name, category_id, category_name, title, brief, cover_url, keywords, ip, sort, up_count, down_count, click_count, comment_count, check_state, is_display, is_recommend, gmt_create, gmt_modified) VALUES (82, 1, 'root', 7, '文化', '家里種植的金絲菊可以嗮幹泡茶嗎', '家里種植的金絲菊不能嗮幹泡茶。菊花茶一般是以鮮嫩菊花花朵作為原料，經過采摘、陰幹、生曬蒸曬以及烘培等工序制作而成的，能沖泡飲用。但自家種的菊花為觀賞菊，不具備食用屬性，雖然進行了曬幹，但是未經過正規工藝加工，且成分尚不明確，因此不能直接泡茶。', 'http://localhost:28082/tmall-static/resources/article-image/2023/09/05/5a9feffd-d02f-495a-a3e7-6c8bdd24a96a.png', '[{"id":26, "name":"經驗"}]', '127.0.0.1', 99, 0, 0, 0, 0, 1, 1, 0, '2023-09-08 08:00:00', '2023-09-08 08:00:00');
INSERT INTO content_article (id, author_id, author_name, category_id, category_name, title, brief, cover_url, keywords, ip, sort, up_count, down_count, click_count, comment_count, check_state, is_display, is_recommend, gmt_create, gmt_modified) VALUES (83, 1, 'root', 7, '文化', '滿隴紅茶是什麽茶', '滿隴紅茶是浙江紅茶的一種，產自杭州西湖南的山谷，其茶采用當地小葉種為原料，經萎雕、揉撚、發酵、幹燥等工藝制成，成品茶鮮醇甘爽，甜潤濃郁，同時具有形美、香高等特點，其茶條索細長卷曲，通體色澤烏潤，口感甜醇爽滑，滋味甜潤濃郁，兼西湖龍井之清雅，甜香馥郁持久，湯色橙紅明亮，清澈潔凈。', 'http://localhost:28082/tmall-static/resources/article-image/2023/09/05/c12ac3bf-7687-46f5-b97e-3bef794b0a3c.png', '[{"id":26, "name":"經驗"}]', '127.0.0.1', 99, 0, 0, 0, 0, 1, 1, 0, '2023-09-08 08:00:00', '2023-09-08 08:00:00');
INSERT INTO content_article (id, author_id, author_name, category_id, category_name, title, brief, cover_url, keywords, ip, sort, up_count, down_count, click_count, comment_count, check_state, is_display, is_recommend, gmt_create, gmt_modified) VALUES (84, 1, 'root', 7, '文化', '靖安白茶是什麽茶', '靖安白茶是綠茶中的珍稀品種，又稱不發酵茶、白化茶，主產於江西省宜春市靖安縣，其成品茶多為二葉一芯嫩芽，在春季發芽時，新梢嫩葉的葉色呈可逆性白化現象，滿披白毫，外形條素天然，色為玉霜，光亮油潤，肉質自然展開頗具高雅特色。其氨基酸含量是高檔綠茶的6-8倍，倍受人們喜愛。', 'http://localhost:28082/tmall-static/resources/article-image/2023/09/05/0ce4bbb8-f6a2-42d0-b5f8-625118fe4e83.png', '[{"id":26, "name":"經驗"}]', '127.0.0.1', 99, 0, 0, 0, 0, 1, 1, 0, '2023-09-08 08:00:00', '2023-09-08 08:00:00');
INSERT INTO content_article (id, author_id, author_name, category_id, category_name, title, brief, cover_url, keywords, ip, sort, up_count, down_count, click_count, comment_count, check_state, is_display, is_recommend, gmt_create, gmt_modified) VALUES (85, 1, 'root', 8, '花茶', '家里種植的金絲菊可以嗮幹泡茶嗎', '家里種植的金絲菊不能嗮幹泡茶。菊花茶一般是以鮮嫩菊花花朵作為原料，經過采摘、陰幹、生曬蒸曬以及烘培等工序制作而成的，能沖泡飲用。但自家種的菊花為觀賞菊，不具備食用屬性，雖然進行了曬幹，但是未經過正規工藝加工，且成分尚不明確，因此不能直接泡茶。', 'http://localhost:28082/tmall-static/resources/article-image/2023/09/05/5a9feffd-d02f-495a-a3e7-6c8bdd24a96a.png', '[{"id":26, "name":"經驗"}]', '127.0.0.1', 99, 0, 0, 0, 0, 1, 1, 0, '2023-09-08 08:00:00', '2023-09-08 08:00:00');
INSERT INTO content_article (id, author_id, author_name, category_id, category_name, title, brief, cover_url, keywords, ip, sort, up_count, down_count, click_count, comment_count, check_state, is_display, is_recommend, gmt_create, gmt_modified) VALUES (86, 1, 'root', 8, '花茶', '單叢蜜蘭香介紹', '蜜蘭香是鳳凰單叢十大花蜜香型珍貴名叢之一，是鳳凰水仙群體中的傑出單株，屬烏龍茶系列，產於廣東省潮州市鳳凰鎮，它的母樹距今已經有600多年歷史了，它之所以叫做蜜蘭香，是因為它的成茶具有濃烈的番薯蜜味，其茶蜜香高銳持久，芝蘭香幽雅細長，滋味醇厚回甘，有“濃蜜幽蘭”特韻，飲後滿口生香，極耐沖泡', 'http://localhost:28082/tmall-static/resources/article-image/2023/09/05/c6021d14-91f0-457f-9406-4bf6f7e3a8a3.png', '[{"id":26, "name":"經驗"}]', '127.0.0.1', 99, 0, 0, 0, 0, 1, 1, 0, '2023-09-08 08:00:00', '2023-09-08 08:00:00');
INSERT INTO content_article (id, author_id, author_name, category_id, category_name, title, brief, cover_url, keywords, ip, sort, up_count, down_count, click_count, comment_count, check_state, is_display, is_recommend, gmt_create, gmt_modified) VALUES (87, 1, 'root', 8, '花茶', '滿隴紅茶是什麽茶', '滿隴紅茶是浙江紅茶的一種，產自杭州西湖南的山谷，其茶采用當地小葉種為原料，經萎雕、揉撚、發酵、幹燥等工藝制成，成品茶鮮醇甘爽，甜潤濃郁，同時具有形美、香高等特點，其茶條索細長卷曲，通體色澤烏潤，口感甜醇爽滑，滋味甜潤濃郁，兼西湖龍井之清雅，甜香馥郁持久，湯色橙紅明亮，清澈潔凈。', 'http://localhost:28082/tmall-static/resources/article-image/2023/09/05/c12ac3bf-7687-46f5-b97e-3bef794b0a3c.png', '[{"id":26, "name":"經驗"}]', '127.0.0.1', 99, 0, 0, 0, 0, 1, 1, 0, '2023-09-08 08:00:00', '2023-09-08 08:00:00');
INSERT INTO content_article (id, author_id, author_name, category_id, category_name, title, brief, cover_url, keywords, ip, sort, up_count, down_count, click_count, comment_count, check_state, is_display, is_recommend, gmt_create, gmt_modified) VALUES (88, 1, 'root', 8, '花茶', '日月潭紅茶介紹', '日月潭紅茶屬全發酵茶，產自台灣南投縣魚池鄉，由大葉種茶樹鮮葉制作而成，具有形美、香高、味醇等特點。台灣日月潭紅茶，幹茶外形條索粗壯，色澤烏黑油潤，湯色通透明艷，杯壁顯金圈，香氣醇和，帶有蘭花香，滋味甘甜，口感醇厚。', 'http://localhost:28082/tmall-static/resources/article-image/2023/09/05/c0caf9db-4302-4ff6-ae63-ba94c3d21f10.png', '[{"id":26, "name":"經驗"}]', '127.0.0.1', 99, 0, 0, 0, 0, 1, 1, 0, '2023-09-08 08:00:00', '2023-09-08 08:00:00');
INSERT INTO content_article (id, author_id, author_name, category_id, category_name, title, brief, cover_url, keywords, ip, sort, up_count, down_count, click_count, comment_count, check_state, is_display, is_recommend, gmt_create, gmt_modified) VALUES (89, 1, 'root', 8, '花茶', '靖安白茶是什麽茶', '靖安白茶是綠茶中的珍稀品種，又稱不發酵茶、白化茶，主產於江西省宜春市靖安縣，其成品茶多為二葉一芯嫩芽，在春季發芽時，新梢嫩葉的葉色呈可逆性白化現象，滿披白毫，外形條素天然，色為玉霜，光亮油潤，肉質自然展開頗具高雅特色。其氨基酸含量是高檔綠茶的6-8倍，倍受人們喜愛。', 'http://localhost:28082/tmall-static/resources/article-image/2023/09/05/0ce4bbb8-f6a2-42d0-b5f8-625118fe4e83.png', '[{"id":26, "name":"經驗"}]', '127.0.0.1', 99, 0, 0, 0, 0, 1, 1, 0, '2023-09-08 08:00:00', '2023-09-08 08:00:00');
INSERT INTO content_article (id, author_id, author_name, category_id, category_name, title, brief, cover_url, keywords, ip, sort, up_count, down_count, click_count, comment_count, check_state, is_display, is_recommend, gmt_create, gmt_modified) VALUES (90, 1, 'root', 8, '花茶', '長期收藏白茶，是選擇散茶，還是餅茶', '白茶，有“一年為茶，三年為寶，七年為藥”的說法，因此很多人都喜歡收藏白茶。那收藏散茶好，還是餅茶好呢？', 'http://localhost:28082/tmall-static/resources/article-image/2023/09/05/4c9b6739-948a-4c84-9328-b8ddf21d49eb.png', '[{"id":26, "name":"經驗"}]', '127.0.0.1', 99, 0, 0, 0, 0, 1, 1, 0, '2023-09-08 08:00:00', '2023-09-08 08:00:00');
INSERT INTO content_article (id, author_id, author_name, category_id, category_name, title, brief, cover_url, keywords, ip, sort, up_count, down_count, click_count, comment_count, check_state, is_display, is_recommend, gmt_create, gmt_modified) VALUES (91, 1, 'root', 8, '花茶', '357克普洱茶餅尺寸', '以357克普洱茶餅為例，其直徑一般為18~19厘米，周長58.4厘米，重量為357克（凈重），中心厚度2.5厘米，邊緣厚度為1厘米左右，以上參數僅供參考，並非絕對值，因為根據不同的廠家，不同的制作工藝，以及形制需求不同，茶餅的規格都存在一定變化和差異，所以並非定數。', 'http://localhost:28082/tmall-static/resources/article-image/2023/09/05/584a8f58-d6b4-4e7a-885c-7d8f929d2657.png', '[{"id":26, "name":"經驗"}]', '127.0.0.1', 99, 0, 0, 0, 0, 1, 1, 0, '2023-09-08 08:00:00', '2023-09-08 08:00:00');
INSERT INTO content_article (id, author_id, author_name, category_id, category_name, title, brief, cover_url, keywords, ip, sort, up_count, down_count, click_count, comment_count, check_state, is_display, is_recommend, gmt_create, gmt_modified) VALUES (92, 1, 'root', 8, '花茶', '中國四大毛尖是哪四種', '中國四大毛尖分別為信陽毛尖、都勻毛尖、古丈毛尖、溈山毛尖。
信陽毛尖：外形細、圓、光、直、多白毫，香高持久，滋味濃醇。
都勻毛尖：緊結纖細卷曲、披毫，色綠翠。香清高，味鮮濃。
古丈毛尖：被譽為"綠茶中的珍品"，特點為緊直多毫、色澤翠綠、滋味醇爽回甘。
溈山毛尖：外形微卷，色澤黃亮油潤，白毫顯露，湯色橙黃透亮，滋味醇甜爽口。', 'http://localhost:28082/tmall-static/resources/article-image/2023/09/05/08965a95-3874-4025-9969-82f61065948c.png', '[{"id":26, "name":"經驗"}]', '127.0.0.1', 99, 0, 0, 0, 0, 1, 1, 0, '2023-09-08 08:00:00', '2023-09-08 08:00:00');
INSERT INTO content_article (id, author_id, author_name, category_id, category_name, title, brief, cover_url, keywords, ip, sort, up_count, down_count, click_count, comment_count, check_state, is_display, is_recommend, gmt_create, gmt_modified) VALUES (93, 1, 'root', 8, '花茶', '中國奶茶發源地', '內蒙古是遊牧民族的故鄉，也是奶茶（蒙古奶茶）的最初發源地。蒙古高原和中亞地區的奶茶千百年來從未改變，至今仍然是日常飲用及待客的必備飲料。其他地區則有不同口味的奶茶，如印度奶茶以加入瑪薩拉的特殊香料聞名；發源於香港的絲襪奶茶和發源於台灣的珍珠奶茶也獨具特色。', 'http://localhost:28082/tmall-static/resources/article-image/2023/09/05/ff947d6d-d652-49cd-b000-469c6646cd31.png', '[{"id":26, "name":"經驗"}]', '127.0.0.1', 99, 0, 0, 0, 0, 1, 1, 0, '2023-09-08 08:00:00', '2023-09-08 08:00:00');
INSERT INTO content_article (id, author_id, author_name, category_id, category_name, title, brief, cover_url, keywords, ip, sort, up_count, down_count, click_count, comment_count, check_state, is_display, is_recommend, gmt_create, gmt_modified) VALUES (94, 1, 'root', 8, '花茶', '烏龍茶和普洱茶的區別', '烏龍茶和普洱茶在產地、外形、工藝、滋味等幾個方面均有區別。
產地：烏龍茶主產於福建、廣東兩省，而普洱茶產於雲南西雙版納、臨滄等地。
外形：烏龍茶幹茶卷曲，肥壯勻整，茶毫不顯，而普洱茶條索肥壯狹長，白毫顯露。
工藝：烏龍茶采用獨特的做青工藝，普洱茶為殺青、曬青工藝或渥堆發酵。
滋味：烏龍茶醇爽甘鮮，七泡余香，而普洱茶醇厚飽滿，滋味濃強。', 'http://localhost:28082/tmall-static/resources/article-image/2023/09/05/25e8ee26-28d7-4f16-843e-b43ebc68ae62.png', '[{"id":26, "name":"經驗"}]', '127.0.0.1', 99, 0, 0, 0, 0, 1, 1, 0, '2023-09-08 08:00:00', '2023-09-08 08:00:00');
INSERT INTO content_article (id, author_id, author_name, category_id, category_name, title, brief, cover_url, keywords, ip, sort, up_count, down_count, click_count, comment_count, check_state, is_display, is_recommend, gmt_create, gmt_modified) VALUES (95, 1, 'root', 8, '花茶', '雲南紅茶有哪些品種', '雲南紅茶品種豐富，有滇紅工夫茶、滇紅金絲、滇紅金針、滇紅金螺、滇紅金芽、野生紅茶、普洱曬紅、紫鵑紅茶、紅碎茶等，其外形各有特定規格，身骨重實，色澤調勻，沖泡後湯色紅鮮明亮，金圈突出，香氣鮮爽，滋味濃強，富有刺激性，葉底紅勻鮮亮，濃、強、鮮為其特色。', 'http://localhost:28082/tmall-static/resources/article-image/2023/09/05/fe24baf0-c029-412a-94d0-bdf6055d7a72.png', '[{"id":26, "name":"經驗"}]', '127.0.0.1', 99, 0, 0, 0, 0, 1, 1, 0, '2023-09-08 08:00:00', '2023-09-08 08:00:00');
INSERT INTO content_article (id, author_id, author_name, category_id, category_name, title, brief, cover_url, keywords, ip, sort, up_count, down_count, click_count, comment_count, check_state, is_display, is_recommend, gmt_create, gmt_modified) VALUES (96, 1, 'root', 8, '花茶', '這份武夷巖茶的簡介，建議收藏！', '武夷巖茶是產於閩北武夷山巖上烏龍茶類的總稱，主要品種有大紅袍、水仙、奇種、肉桂、名叢等。其中，最為名貴、品質最優的就是大紅袍。', 'http://localhost:28082/tmall-static/resources/article-image/2023/09/05/547736f5-e1e0-4259-9cbd-44b2e40926eb.png', '[{"id":26, "name":"經驗"}]', '127.0.0.1', 99, 0, 0, 0, 0, 1, 1, 0, '2023-09-08 08:00:00', '2023-09-08 08:00:00');

TRUNCATE content_article_detail;
INSERT INTO content_article_detail VALUES
                                       (1, 1, '<h1 data-we-empty-p="" id="vzupv">測試文章詳情1</h1><blockquote><p>你可以自由的對文章詳情進行圖文混排。<br/></p></blockquote><p>關於圖文混排，你可以：</p><ul><li>段落排版</li><li>字符排版</li><li>添加超鏈接</li><li>添加引用</li><li>添加預定義表情</li><li>上傳圖片或直接插入圖片</li><li>添加視頻</li><li>添加表格</li><li>其它<br/></li></ul>', '2023-09-08 08:00:00', '2023-09-08 08:00:00'),
                                       (2, 2, '<h1 data-we-empty-p="" id="vzupv">測試文章詳情2</h1><blockquote><p>你可以自由的對文章詳情進行圖文混排。<br/></p></blockquote><p>關於圖文混排，你可以：</p><ul><li>段落排版</li><li>字符排版</li><li>添加超鏈接</li><li>添加引用</li><li>添加預定義表情</li><li>上傳圖片或直接插入圖片</li><li>添加視頻</li><li>添加表格</li><li>其它<br/></li></ul>', '2023-09-08 08:00:00', '2023-09-08 08:00:00'),
                                       (3, 3, '<h1 data-we-empty-p="" id="vzupv">測試文章詳情3</h1><blockquote><p>你可以自由的對文章詳情進行圖文混排。<br/></p></blockquote><p>關於圖文混排，你可以：</p><ul><li>段落排版</li><li>字符排版</li><li>添加超鏈接</li><li>添加引用</li><li>添加預定義表情</li><li>上傳圖片或直接插入圖片</li><li>添加視頻</li><li>添加表格</li><li>其它<br/></li></ul>', '2023-09-08 08:00:00', '2023-09-08 08:00:00'),
                                       (4, 4, '<h1 data-we-empty-p="" id="vzupv">測試文章詳情4</h1><blockquote><p>你可以自由的對文章詳情進行圖文混排。<br/></p></blockquote><p>關於圖文混排，你可以：</p><ul><li>段落排版</li><li>字符排版</li><li>添加超鏈接</li><li>添加引用</li><li>添加預定義表情</li><li>上傳圖片或直接插入圖片</li><li>添加視頻</li><li>添加表格</li><li>其它<br/></li></ul>', '2023-09-08 08:00:00', '2023-09-08 08:00:00'),
                                       (5, 5, '<h1 data-we-empty-p="" id="vzupv">測試文章詳情5</h1><blockquote><p>你可以自由的對文章詳情進行圖文混排。<br/></p></blockquote><p>關於圖文混排，你可以：</p><ul><li>段落排版</li><li>字符排版</li><li>添加超鏈接</li><li>添加引用</li><li>添加預定義表情</li><li>上傳圖片或直接插入圖片</li><li>添加視頻</li><li>添加表格</li><li>其它<br/></li></ul>', '2023-09-08 08:00:00', '2023-09-08 08:00:00'),
                                       (6, 6, '<h1 data-we-empty-p="" id="vzupv">測試文章詳情6</h1><blockquote><p>你可以自由的對文章詳情進行圖文混排。<br/></p></blockquote><p>關於圖文混排，你可以：</p><ul><li>段落排版</li><li>字符排版</li><li>添加超鏈接</li><li>添加引用</li><li>添加預定義表情</li><li>上傳圖片或直接插入圖片</li><li>添加視頻</li><li>添加表格</li><li>其它<br/></li></ul>', '2023-09-08 08:00:00', '2023-09-08 08:00:00'),
                                       (7, 7, '<h1 data-we-empty-p="" id="vzupv">測試文章詳情7</h1><blockquote><p>你可以自由的對文章詳情進行圖文混排。<br/></p></blockquote><p>關於圖文混排，你可以：</p><ul><li>段落排版</li><li>字符排版</li><li>添加超鏈接</li><li>添加引用</li><li>添加預定義表情</li><li>上傳圖片或直接插入圖片</li><li>添加視頻</li><li>添加表格</li><li>其它<br/></li></ul>', '2023-09-08 08:00:00', '2023-09-08 08:00:00'),
                                       (8, 8, '<h1 data-we-empty-p="" id="vzupv">測試文章詳情8</h1><blockquote><p>你可以自由的對文章詳情進行圖文混排。<br/></p></blockquote><p>關於圖文混排，你可以：</p><ul><li>段落排版</li><li>字符排版</li><li>添加超鏈接</li><li>添加引用</li><li>添加預定義表情</li><li>上傳圖片或直接插入圖片</li><li>添加視頻</li><li>添加表格</li><li>其它<br/></li></ul>', '2023-09-08 08:00:00', '2023-09-08 08:00:00'),
                                       (9, 9, '<h1 data-we-empty-p="" id="vzupv">測試文章詳情9</h1><blockquote><p>你可以自由的對文章詳情進行圖文混排。<br/></p></blockquote><p>關於圖文混排，你可以：</p><ul><li>段落排版</li><li>字符排版</li><li>添加超鏈接</li><li>添加引用</li><li>添加預定義表情</li><li>上傳圖片或直接插入圖片</li><li>添加視頻</li><li>添加表格</li><li>其它<br/></li></ul>', '2023-09-08 08:00:00', '2023-09-08 08:00:00'),
                                       (10, 10, '<h1 data-we-empty-p="" id="vzupv">測試文章詳情10</h1><blockquote><p>你可以自由的對文章詳情進行圖文混排。<br/></p></blockquote><p>關於圖文混排，你可以：</p><ul><li>段落排版</li><li>字符排版</li><li>添加超鏈接</li><li>添加引用</li><li>添加預定義表情</li><li>上傳圖片或直接插入圖片</li><li>添加視頻</li><li>添加表格</li><li>其它<br/></li></ul>', '2023-09-08 08:00:00', '2023-09-08 08:00:00'),
                                       (11, 11, '<h1 data-we-empty-p="" id="vzupv">測試文章詳情11</h1><blockquote><p>你可以自由的對文章詳情進行圖文混排。<br/></p></blockquote><p>關於圖文混排，你可以：</p><ul><li>段落排版</li><li>字符排版</li><li>添加超鏈接</li><li>添加引用</li><li>添加預定義表情</li><li>上傳圖片或直接插入圖片</li><li>添加視頻</li><li>添加表格</li><li>其它<br/></li></ul>', '2023-09-08 08:00:00', '2023-09-08 08:00:00'),
                                       (12, 12, '<h1 data-we-empty-p="" id="vzupv">測試文章詳情12</h1><blockquote><p>你可以自由的對文章詳情進行圖文混排。<br/></p></blockquote><p>關於圖文混排，你可以：</p><ul><li>段落排版</li><li>字符排版</li><li>添加超鏈接</li><li>添加引用</li><li>添加預定義表情</li><li>上傳圖片或直接插入圖片</li><li>添加視頻</li><li>添加表格</li><li>其它<br/></li></ul>', '2023-09-08 08:00:00', '2023-09-08 08:00:00'),
                                       (13, 13, '<h1 data-we-empty-p="" id="vzupv">測試文章詳情13</h1><blockquote><p>你可以自由的對文章詳情進行圖文混排。<br/></p></blockquote><p>關於圖文混排，你可以：</p><ul><li>段落排版</li><li>字符排版</li><li>添加超鏈接</li><li>添加引用</li><li>添加預定義表情</li><li>上傳圖片或直接插入圖片</li><li>添加視頻</li><li>添加表格</li><li>其它<br/></li></ul>', '2023-09-08 08:00:00', '2023-09-08 08:00:00'),
                                       (14, 14, '<h1 data-we-empty-p="" id="vzupv">測試文章詳情14</h1><blockquote><p>你可以自由的對文章詳情進行圖文混排。<br/></p></blockquote><p>關於圖文混排，你可以：</p><ul><li>段落排版</li><li>字符排版</li><li>添加超鏈接</li><li>添加引用</li><li>添加預定義表情</li><li>上傳圖片或直接插入圖片</li><li>添加視頻</li><li>添加表格</li><li>其它<br/></li></ul>', '2023-09-08 08:00:00', '2023-09-08 08:00:00'),
                                       (15, 15, '<h1 data-we-empty-p="" id="vzupv">測試文章詳情15</h1><blockquote><p>你可以自由的對文章詳情進行圖文混排。<br/></p></blockquote><p>關於圖文混排，你可以：</p><ul><li>段落排版</li><li>字符排版</li><li>添加超鏈接</li><li>添加引用</li><li>添加預定義表情</li><li>上傳圖片或直接插入圖片</li><li>添加視頻</li><li>添加表格</li><li>其它<br/></li></ul>', '2023-09-08 08:00:00', '2023-09-08 08:00:00'),
                                       (16, 16, '<h1 data-we-empty-p="" id="vzupv">測試文章詳情16</h1><blockquote><p>你可以自由的對文章詳情進行圖文混排。<br/></p></blockquote><p>關於圖文混排，你可以：</p><ul><li>段落排版</li><li>字符排版</li><li>添加超鏈接</li><li>添加引用</li><li>添加預定義表情</li><li>上傳圖片或直接插入圖片</li><li>添加視頻</li><li>添加表格</li><li>其它<br/></li></ul>', '2023-09-08 08:00:00', '2023-09-08 08:00:00'),
                                       (17, 17, '<h1 data-we-empty-p="" id="vzupv">測試文章詳情17</h1><blockquote><p>你可以自由的對文章詳情進行圖文混排。<br/></p></blockquote><p>關於圖文混排，你可以：</p><ul><li>段落排版</li><li>字符排版</li><li>添加超鏈接</li><li>添加引用</li><li>添加預定義表情</li><li>上傳圖片或直接插入圖片</li><li>添加視頻</li><li>添加表格</li><li>其它<br/></li></ul>', '2023-09-08 08:00:00', '2023-09-08 08:00:00'),
                                       (18, 18, '<h1 data-we-empty-p="" id="vzupv">測試文章詳情18</h1><blockquote><p>你可以自由的對文章詳情進行圖文混排。<br/></p></blockquote><p>關於圖文混排，你可以：</p><ul><li>段落排版</li><li>字符排版</li><li>添加超鏈接</li><li>添加引用</li><li>添加預定義表情</li><li>上傳圖片或直接插入圖片</li><li>添加視頻</li><li>添加表格</li><li>其它<br/></li></ul>', '2023-09-08 08:00:00', '2023-09-08 08:00:00'),
                                       (19, 19, '<h1 data-we-empty-p="" id="vzupv">測試文章詳情19</h1><blockquote><p>你可以自由的對文章詳情進行圖文混排。<br/></p></blockquote><p>關於圖文混排，你可以：</p><ul><li>段落排版</li><li>字符排版</li><li>添加超鏈接</li><li>添加引用</li><li>添加預定義表情</li><li>上傳圖片或直接插入圖片</li><li>添加視頻</li><li>添加表格</li><li>其它<br/></li></ul>', '2023-09-08 08:00:00', '2023-09-08 08:00:00'),
                                       (20, 20, '<h1 data-we-empty-p="" id="vzupv">測試文章詳情20</h1><blockquote><p>你可以自由的對文章詳情進行圖文混排。<br/></p></blockquote><p>關於圖文混排，你可以：</p><ul><li>段落排版</li><li>字符排版</li><li>添加超鏈接</li><li>添加引用</li><li>添加預定義表情</li><li>上傳圖片或直接插入圖片</li><li>添加視頻</li><li>添加表格</li><li>其它<br/></li></ul>', '2023-09-08 08:00:00', '2023-09-08 08:00:00'),
                                       (21, 21, '<h1 data-we-empty-p="" id="vzupv">測試文章詳情21</h1><blockquote><p>你可以自由的對文章詳情進行圖文混排。<br/></p></blockquote><p>關於圖文混排，你可以：</p><ul><li>段落排版</li><li>字符排版</li><li>添加超鏈接</li><li>添加引用</li><li>添加預定義表情</li><li>上傳圖片或直接插入圖片</li><li>添加視頻</li><li>添加表格</li><li>其它<br/></li></ul>', '2023-09-08 08:00:00', '2023-09-08 08:00:00'),
                                       (22, 22, '<h1 data-we-empty-p="" id="vzupv">測試文章詳情22</h1><blockquote><p>你可以自由的對文章詳情進行圖文混排。<br/></p></blockquote><p>關於圖文混排，你可以：</p><ul><li>段落排版</li><li>字符排版</li><li>添加超鏈接</li><li>添加引用</li><li>添加預定義表情</li><li>上傳圖片或直接插入圖片</li><li>添加視頻</li><li>添加表格</li><li>其它<br/></li></ul>', '2023-09-08 08:00:00', '2023-09-08 08:00:00'),
                                       (23, 23, '<h1 data-we-empty-p="" id="vzupv">測試文章詳情23</h1><blockquote><p>你可以自由的對文章詳情進行圖文混排。<br/></p></blockquote><p>關於圖文混排，你可以：</p><ul><li>段落排版</li><li>字符排版</li><li>添加超鏈接</li><li>添加引用</li><li>添加預定義表情</li><li>上傳圖片或直接插入圖片</li><li>添加視頻</li><li>添加表格</li><li>其它<br/></li></ul>', '2023-09-08 08:00:00', '2023-09-08 08:00:00'),
                                       (24, 24, '<h1 data-we-empty-p="" id="vzupv">測試文章詳情24</h1><blockquote><p>你可以自由的對文章詳情進行圖文混排。<br/></p></blockquote><p>關於圖文混排，你可以：</p><ul><li>段落排版</li><li>字符排版</li><li>添加超鏈接</li><li>添加引用</li><li>添加預定義表情</li><li>上傳圖片或直接插入圖片</li><li>添加視頻</li><li>添加表格</li><li>其它<br/></li></ul>', '2023-09-08 08:00:00', '2023-09-08 08:00:00'),
                                       (25, 25, '<h1 data-we-empty-p="" id="vzupv">測試文章詳情25</h1><blockquote><p>你可以自由的對文章詳情進行圖文混排。<br/></p></blockquote><p>關於圖文混排，你可以：</p><ul><li>段落排版</li><li>字符排版</li><li>添加超鏈接</li><li>添加引用</li><li>添加預定義表情</li><li>上傳圖片或直接插入圖片</li><li>添加視頻</li><li>添加表格</li><li>其它<br/></li></ul>', '2023-09-08 08:00:00', '2023-09-08 08:00:00'),
                                       (26, 26, '<h1 data-we-empty-p="" id="vzupv">測試文章詳情26</h1><blockquote><p>你可以自由的對文章詳情進行圖文混排。<br/></p></blockquote><p>關於圖文混排，你可以：</p><ul><li>段落排版</li><li>字符排版</li><li>添加超鏈接</li><li>添加引用</li><li>添加預定義表情</li><li>上傳圖片或直接插入圖片</li><li>添加視頻</li><li>添加表格</li><li>其它<br/></li></ul>', '2023-09-08 08:00:00', '2023-09-08 08:00:00'),
                                       (27, 27, '<h1 data-we-empty-p="" id="vzupv">測試文章詳情27</h1><blockquote><p>你可以自由的對文章詳情進行圖文混排。<br/></p></blockquote><p>關於圖文混排，你可以：</p><ul><li>段落排版</li><li>字符排版</li><li>添加超鏈接</li><li>添加引用</li><li>添加預定義表情</li><li>上傳圖片或直接插入圖片</li><li>添加視頻</li><li>添加表格</li><li>其它<br/></li></ul>', '2023-09-08 08:00:00', '2023-09-08 08:00:00'),
                                       (28, 28, '<h1 data-we-empty-p="" id="vzupv">測試文章詳情28</h1><blockquote><p>你可以自由的對文章詳情進行圖文混排。<br/></p></blockquote><p>關於圖文混排，你可以：</p><ul><li>段落排版</li><li>字符排版</li><li>添加超鏈接</li><li>添加引用</li><li>添加預定義表情</li><li>上傳圖片或直接插入圖片</li><li>添加視頻</li><li>添加表格</li><li>其它<br/></li></ul>', '2023-09-08 08:00:00', '2023-09-08 08:00:00'),
                                       (29, 29, '<h1 data-we-empty-p="" id="vzupv">測試文章詳情29</h1><blockquote><p>你可以自由的對文章詳情進行圖文混排。<br/></p></blockquote><p>關於圖文混排，你可以：</p><ul><li>段落排版</li><li>字符排版</li><li>添加超鏈接</li><li>添加引用</li><li>添加預定義表情</li><li>上傳圖片或直接插入圖片</li><li>添加視頻</li><li>添加表格</li><li>其它<br/></li></ul>', '2023-09-08 08:00:00', '2023-09-08 08:00:00'),
                                       (30, 30, '<h1 data-we-empty-p="" id="vzupv">測試文章詳情30</h1><blockquote><p>你可以自由的對文章詳情進行圖文混排。<br/></p></blockquote><p>關於圖文混排，你可以：</p><ul><li>段落排版</li><li>字符排版</li><li>添加超鏈接</li><li>添加引用</li><li>添加預定義表情</li><li>上傳圖片或直接插入圖片</li><li>添加視頻</li><li>添加表格</li><li>其它<br/></li></ul>', '2023-09-08 08:00:00', '2023-09-08 08:00:00'),
                                       (31, 31, '<h1 data-we-empty-p="" id="vzupv">測試文章詳情31</h1><blockquote><p>你可以自由的對文章詳情進行圖文混排。<br/></p></blockquote><p>關於圖文混排，你可以：</p><ul><li>段落排版</li><li>字符排版</li><li>添加超鏈接</li><li>添加引用</li><li>添加預定義表情</li><li>上傳圖片或直接插入圖片</li><li>添加視頻</li><li>添加表格</li><li>其它<br/></li></ul>', '2023-09-08 08:00:00', '2023-09-08 08:00:00'),
                                       (32, 32, '<h1 data-we-empty-p="" id="vzupv">測試文章詳情32</h1><blockquote><p>你可以自由的對文章詳情進行圖文混排。<br/></p></blockquote><p>關於圖文混排，你可以：</p><ul><li>段落排版</li><li>字符排版</li><li>添加超鏈接</li><li>添加引用</li><li>添加預定義表情</li><li>上傳圖片或直接插入圖片</li><li>添加視頻</li><li>添加表格</li><li>其它<br/></li></ul>', '2023-09-08 08:00:00', '2023-09-08 08:00:00'),
                                       (33, 33, '<h1 data-we-empty-p="" id="vzupv">測試文章詳情33</h1><blockquote><p>你可以自由的對文章詳情進行圖文混排。<br/></p></blockquote><p>關於圖文混排，你可以：</p><ul><li>段落排版</li><li>字符排版</li><li>添加超鏈接</li><li>添加引用</li><li>添加預定義表情</li><li>上傳圖片或直接插入圖片</li><li>添加視頻</li><li>添加表格</li><li>其它<br/></li></ul>', '2023-09-08 08:00:00', '2023-09-08 08:00:00'),
                                       (34, 34, '<h1 data-we-empty-p="" id="vzupv">測試文章詳情34</h1><blockquote><p>你可以自由的對文章詳情進行圖文混排。<br/></p></blockquote><p>關於圖文混排，你可以：</p><ul><li>段落排版</li><li>字符排版</li><li>添加超鏈接</li><li>添加引用</li><li>添加預定義表情</li><li>上傳圖片或直接插入圖片</li><li>添加視頻</li><li>添加表格</li><li>其它<br/></li></ul>', '2023-09-08 08:00:00', '2023-09-08 08:00:00'),
                                       (35, 35, '<h1 data-we-empty-p="" id="vzupv">測試文章詳情35</h1><blockquote><p>你可以自由的對文章詳情進行圖文混排。<br/></p></blockquote><p>關於圖文混排，你可以：</p><ul><li>段落排版</li><li>字符排版</li><li>添加超鏈接</li><li>添加引用</li><li>添加預定義表情</li><li>上傳圖片或直接插入圖片</li><li>添加視頻</li><li>添加表格</li><li>其它<br/></li></ul>', '2023-09-08 08:00:00', '2023-09-08 08:00:00'),
                                       (36, 36, '<h1 data-we-empty-p="" id="vzupv">測試文章詳情36</h1><blockquote><p>你可以自由的對文章詳情進行圖文混排。<br/></p></blockquote><p>關於圖文混排，你可以：</p><ul><li>段落排版</li><li>字符排版</li><li>添加超鏈接</li><li>添加引用</li><li>添加預定義表情</li><li>上傳圖片或直接插入圖片</li><li>添加視頻</li><li>添加表格</li><li>其它<br/></li></ul>', '2023-09-08 08:00:00', '2023-09-08 08:00:00'),
                                       (37, 37, '<h1 data-we-empty-p="" id="vzupv">測試文章詳情37</h1><blockquote><p>你可以自由的對文章詳情進行圖文混排。<br/></p></blockquote><p>關於圖文混排，你可以：</p><ul><li>段落排版</li><li>字符排版</li><li>添加超鏈接</li><li>添加引用</li><li>添加預定義表情</li><li>上傳圖片或直接插入圖片</li><li>添加視頻</li><li>添加表格</li><li>其它<br/></li></ul>', '2023-09-08 08:00:00', '2023-09-08 08:00:00'),
                                       (38, 38, '<h1 data-we-empty-p="" id="vzupv">測試文章詳情38</h1><blockquote><p>你可以自由的對文章詳情進行圖文混排。<br/></p></blockquote><p>關於圖文混排，你可以：</p><ul><li>段落排版</li><li>字符排版</li><li>添加超鏈接</li><li>添加引用</li><li>添加預定義表情</li><li>上傳圖片或直接插入圖片</li><li>添加視頻</li><li>添加表格</li><li>其它<br/></li></ul>', '2023-09-08 08:00:00', '2023-09-08 08:00:00'),
                                       (39, 39, '<h1 data-we-empty-p="" id="vzupv">測試文章詳情39</h1><blockquote><p>你可以自由的對文章詳情進行圖文混排。<br/></p></blockquote><p>關於圖文混排，你可以：</p><ul><li>段落排版</li><li>字符排版</li><li>添加超鏈接</li><li>添加引用</li><li>添加預定義表情</li><li>上傳圖片或直接插入圖片</li><li>添加視頻</li><li>添加表格</li><li>其它<br/></li></ul>', '2023-09-08 08:00:00', '2023-09-08 08:00:00'),
                                       (40, 40, '<h1 data-we-empty-p="" id="vzupv">測試文章詳情40</h1><blockquote><p>你可以自由的對文章詳情進行圖文混排。<br/></p></blockquote><p>關於圖文混排，你可以：</p><ul><li>段落排版</li><li>字符排版</li><li>添加超鏈接</li><li>添加引用</li><li>添加預定義表情</li><li>上傳圖片或直接插入圖片</li><li>添加視頻</li><li>添加表格</li><li>其它<br/></li></ul>', '2023-09-08 08:00:00', '2023-09-08 08:00:00'),
                                       (41, 41, '<h1 data-we-empty-p="" id="vzupv">測試文章詳情41</h1><blockquote><p>你可以自由的對文章詳情進行圖文混排。<br/></p></blockquote><p>關於圖文混排，你可以：</p><ul><li>段落排版</li><li>字符排版</li><li>添加超鏈接</li><li>添加引用</li><li>添加預定義表情</li><li>上傳圖片或直接插入圖片</li><li>添加視頻</li><li>添加表格</li><li>其它<br/></li></ul>', '2023-09-08 08:00:00', '2023-09-08 08:00:00'),
                                       (42, 42, '<h1 data-we-empty-p="" id="vzupv">測試文章詳情42</h1><blockquote><p>你可以自由的對文章詳情進行圖文混排。<br/></p></blockquote><p>關於圖文混排，你可以：</p><ul><li>段落排版</li><li>字符排版</li><li>添加超鏈接</li><li>添加引用</li><li>添加預定義表情</li><li>上傳圖片或直接插入圖片</li><li>添加視頻</li><li>添加表格</li><li>其它<br/></li></ul>', '2023-09-08 08:00:00', '2023-09-08 08:00:00'),
                                       (43, 43, '<h1 data-we-empty-p="" id="vzupv">測試文章詳情43</h1><blockquote><p>你可以自由的對文章詳情進行圖文混排。<br/></p></blockquote><p>關於圖文混排，你可以：</p><ul><li>段落排版</li><li>字符排版</li><li>添加超鏈接</li><li>添加引用</li><li>添加預定義表情</li><li>上傳圖片或直接插入圖片</li><li>添加視頻</li><li>添加表格</li><li>其它<br/></li></ul>', '2023-09-08 08:00:00', '2023-09-08 08:00:00'),
                                       (44, 44, '<h1 data-we-empty-p="" id="vzupv">測試文章詳情44</h1><blockquote><p>你可以自由的對文章詳情進行圖文混排。<br/></p></blockquote><p>關於圖文混排，你可以：</p><ul><li>段落排版</li><li>字符排版</li><li>添加超鏈接</li><li>添加引用</li><li>添加預定義表情</li><li>上傳圖片或直接插入圖片</li><li>添加視頻</li><li>添加表格</li><li>其它<br/></li></ul>', '2023-09-08 08:00:00', '2023-09-08 08:00:00'),
                                       (45, 45, '<h1 data-we-empty-p="" id="vzupv">測試文章詳情45</h1><blockquote><p>你可以自由的對文章詳情進行圖文混排。<br/></p></blockquote><p>關於圖文混排，你可以：</p><ul><li>段落排版</li><li>字符排版</li><li>添加超鏈接</li><li>添加引用</li><li>添加預定義表情</li><li>上傳圖片或直接插入圖片</li><li>添加視頻</li><li>添加表格</li><li>其它<br/></li></ul>', '2023-09-08 08:00:00', '2023-09-08 08:00:00'),
                                       (46, 46, '<h1 data-we-empty-p="" id="vzupv">測試文章詳情46</h1><blockquote><p>你可以自由的對文章詳情進行圖文混排。<br/></p></blockquote><p>關於圖文混排，你可以：</p><ul><li>段落排版</li><li>字符排版</li><li>添加超鏈接</li><li>添加引用</li><li>添加預定義表情</li><li>上傳圖片或直接插入圖片</li><li>添加視頻</li><li>添加表格</li><li>其它<br/></li></ul>', '2023-09-08 08:00:00', '2023-09-08 08:00:00'),
                                       (47, 47, '<h1 data-we-empty-p="" id="vzupv">測試文章詳情47</h1><blockquote><p>你可以自由的對文章詳情進行圖文混排。<br/></p></blockquote><p>關於圖文混排，你可以：</p><ul><li>段落排版</li><li>字符排版</li><li>添加超鏈接</li><li>添加引用</li><li>添加預定義表情</li><li>上傳圖片或直接插入圖片</li><li>添加視頻</li><li>添加表格</li><li>其它<br/></li></ul>', '2023-09-08 08:00:00', '2023-09-08 08:00:00'),
                                       (48, 48, '<h1 data-we-empty-p="" id="vzupv">測試文章詳情48</h1><blockquote><p>你可以自由的對文章詳情進行圖文混排。<br/></p></blockquote><p>關於圖文混排，你可以：</p><ul><li>段落排版</li><li>字符排版</li><li>添加超鏈接</li><li>添加引用</li><li>添加預定義表情</li><li>上傳圖片或直接插入圖片</li><li>添加視頻</li><li>添加表格</li><li>其它<br/></li></ul>', '2023-09-08 08:00:00', '2023-09-08 08:00:00'),
                                       (49, 49, '<h1 data-we-empty-p="" id="vzupv">測試文章詳情49</h1><blockquote><p>你可以自由的對文章詳情進行圖文混排。<br/></p></blockquote><p>關於圖文混排，你可以：</p><ul><li>段落排版</li><li>字符排版</li><li>添加超鏈接</li><li>添加引用</li><li>添加預定義表情</li><li>上傳圖片或直接插入圖片</li><li>添加視頻</li><li>添加表格</li><li>其它<br/></li></ul>', '2023-09-08 08:00:00', '2023-09-08 08:00:00'),
                                       (50, 50, '<h1 data-we-empty-p="" id="vzupv">測試文章詳情50</h1><blockquote><p>你可以自由的對文章詳情進行圖文混排。<br/></p></blockquote><p>關於圖文混排，你可以：</p><ul><li>段落排版</li><li>字符排版</li><li>添加超鏈接</li><li>添加引用</li><li>添加預定義表情</li><li>上傳圖片或直接插入圖片</li><li>添加視頻</li><li>添加表格</li><li>其它<br/></li></ul>', '2023-09-08 08:00:00', '2023-09-08 08:00:00'),
                                       (51, 51, '<h1 data-we-empty-p="" id="vzupv">測試文章詳情51</h1><blockquote><p>你可以自由的對文章詳情進行圖文混排。<br/></p></blockquote><p>關於圖文混排，你可以：</p><ul><li>段落排版</li><li>字符排版</li><li>添加超鏈接</li><li>添加引用</li><li>添加預定義表情</li><li>上傳圖片或直接插入圖片</li><li>添加視頻</li><li>添加表格</li><li>其它<br/></li></ul>', '2023-09-08 08:00:00', '2023-09-08 08:00:00'),
                                       (52, 52, '<h1 data-we-empty-p="" id="vzupv">測試文章詳情52</h1><blockquote><p>你可以自由的對文章詳情進行圖文混排。<br/></p></blockquote><p>關於圖文混排，你可以：</p><ul><li>段落排版</li><li>字符排版</li><li>添加超鏈接</li><li>添加引用</li><li>添加預定義表情</li><li>上傳圖片或直接插入圖片</li><li>添加視頻</li><li>添加表格</li><li>其它<br/></li></ul>', '2023-09-08 08:00:00', '2023-09-08 08:00:00'),
                                       (53, 53, '<h1 data-we-empty-p="" id="vzupv">測試文章詳情53</h1><blockquote><p>你可以自由的對文章詳情進行圖文混排。<br/></p></blockquote><p>關於圖文混排，你可以：</p><ul><li>段落排版</li><li>字符排版</li><li>添加超鏈接</li><li>添加引用</li><li>添加預定義表情</li><li>上傳圖片或直接插入圖片</li><li>添加視頻</li><li>添加表格</li><li>其它<br/></li></ul>', '2023-09-08 08:00:00', '2023-09-08 08:00:00'),
                                       (54, 54, '<h1 data-we-empty-p="" id="vzupv">測試文章詳情54</h1><blockquote><p>你可以自由的對文章詳情進行圖文混排。<br/></p></blockquote><p>關於圖文混排，你可以：</p><ul><li>段落排版</li><li>字符排版</li><li>添加超鏈接</li><li>添加引用</li><li>添加預定義表情</li><li>上傳圖片或直接插入圖片</li><li>添加視頻</li><li>添加表格</li><li>其它<br/></li></ul>', '2023-09-08 08:00:00', '2023-09-08 08:00:00'),
                                       (55, 55, '<h1 data-we-empty-p="" id="vzupv">測試文章詳情55</h1><blockquote><p>你可以自由的對文章詳情進行圖文混排。<br/></p></blockquote><p>關於圖文混排，你可以：</p><ul><li>段落排版</li><li>字符排版</li><li>添加超鏈接</li><li>添加引用</li><li>添加預定義表情</li><li>上傳圖片或直接插入圖片</li><li>添加視頻</li><li>添加表格</li><li>其它<br/></li></ul>', '2023-09-08 08:00:00', '2023-09-08 08:00:00'),
                                       (56, 56, '<h1 data-we-empty-p="" id="vzupv">測試文章詳情56</h1><blockquote><p>你可以自由的對文章詳情進行圖文混排。<br/></p></blockquote><p>關於圖文混排，你可以：</p><ul><li>段落排版</li><li>字符排版</li><li>添加超鏈接</li><li>添加引用</li><li>添加預定義表情</li><li>上傳圖片或直接插入圖片</li><li>添加視頻</li><li>添加表格</li><li>其它<br/></li></ul>', '2023-09-08 08:00:00', '2023-09-08 08:00:00'),
                                       (57, 57, '<h1 data-we-empty-p="" id="vzupv">測試文章詳情57</h1><blockquote><p>你可以自由的對文章詳情進行圖文混排。<br/></p></blockquote><p>關於圖文混排，你可以：</p><ul><li>段落排版</li><li>字符排版</li><li>添加超鏈接</li><li>添加引用</li><li>添加預定義表情</li><li>上傳圖片或直接插入圖片</li><li>添加視頻</li><li>添加表格</li><li>其它<br/></li></ul>', '2023-09-08 08:00:00', '2023-09-08 08:00:00'),
                                       (58, 58, '<h1 data-we-empty-p="" id="vzupv">測試文章詳情58</h1><blockquote><p>你可以自由的對文章詳情進行圖文混排。<br/></p></blockquote><p>關於圖文混排，你可以：</p><ul><li>段落排版</li><li>字符排版</li><li>添加超鏈接</li><li>添加引用</li><li>添加預定義表情</li><li>上傳圖片或直接插入圖片</li><li>添加視頻</li><li>添加表格</li><li>其它<br/></li></ul>', '2023-09-08 08:00:00', '2023-09-08 08:00:00'),
                                       (59, 59, '<h1 data-we-empty-p="" id="vzupv">測試文章詳情59</h1><blockquote><p>你可以自由的對文章詳情進行圖文混排。<br/></p></blockquote><p>關於圖文混排，你可以：</p><ul><li>段落排版</li><li>字符排版</li><li>添加超鏈接</li><li>添加引用</li><li>添加預定義表情</li><li>上傳圖片或直接插入圖片</li><li>添加視頻</li><li>添加表格</li><li>其它<br/></li></ul>', '2023-09-08 08:00:00', '2023-09-08 08:00:00'),
                                       (60, 60, '<h1 data-we-empty-p="" id="vzupv">測試文章詳情60</h1><blockquote><p>你可以自由的對文章詳情進行圖文混排。<br/></p></blockquote><p>關於圖文混排，你可以：</p><ul><li>段落排版</li><li>字符排版</li><li>添加超鏈接</li><li>添加引用</li><li>添加預定義表情</li><li>上傳圖片或直接插入圖片</li><li>添加視頻</li><li>添加表格</li><li>其它<br/></li></ul>', '2023-09-08 08:00:00', '2023-09-08 08:00:00'),
                                       (61, 61, '<h1 data-we-empty-p="" id="vzupv">測試文章詳情61</h1><blockquote><p>你可以自由的對文章詳情進行圖文混排。<br/></p></blockquote><p>關於圖文混排，你可以：</p><ul><li>段落排版</li><li>字符排版</li><li>添加超鏈接</li><li>添加引用</li><li>添加預定義表情</li><li>上傳圖片或直接插入圖片</li><li>添加視頻</li><li>添加表格</li><li>其它<br/></li></ul>', '2023-09-08 08:00:00', '2023-09-08 08:00:00'),
                                       (62, 62, '<h1 data-we-empty-p="" id="vzupv">測試文章詳情62</h1><blockquote><p>你可以自由的對文章詳情進行圖文混排。<br/></p></blockquote><p>關於圖文混排，你可以：</p><ul><li>段落排版</li><li>字符排版</li><li>添加超鏈接</li><li>添加引用</li><li>添加預定義表情</li><li>上傳圖片或直接插入圖片</li><li>添加視頻</li><li>添加表格</li><li>其它<br/></li></ul>', '2023-09-08 08:00:00', '2023-09-08 08:00:00'),
                                       (63, 63, '<h1 data-we-empty-p="" id="vzupv">測試文章詳情63</h1><blockquote><p>你可以自由的對文章詳情進行圖文混排。<br/></p></blockquote><p>關於圖文混排，你可以：</p><ul><li>段落排版</li><li>字符排版</li><li>添加超鏈接</li><li>添加引用</li><li>添加預定義表情</li><li>上傳圖片或直接插入圖片</li><li>添加視頻</li><li>添加表格</li><li>其它<br/></li></ul>', '2023-09-08 08:00:00', '2023-09-08 08:00:00'),
                                       (64, 64, '<h1 data-we-empty-p="" id="vzupv">測試文章詳情64</h1><blockquote><p>你可以自由的對文章詳情進行圖文混排。<br/></p></blockquote><p>關於圖文混排，你可以：</p><ul><li>段落排版</li><li>字符排版</li><li>添加超鏈接</li><li>添加引用</li><li>添加預定義表情</li><li>上傳圖片或直接插入圖片</li><li>添加視頻</li><li>添加表格</li><li>其它<br/></li></ul>', '2023-09-08 08:00:00', '2023-09-08 08:00:00'),
                                       (65, 65, '<h1 data-we-empty-p="" id="vzupv">測試文章詳情65</h1><blockquote><p>你可以自由的對文章詳情進行圖文混排。<br/></p></blockquote><p>關於圖文混排，你可以：</p><ul><li>段落排版</li><li>字符排版</li><li>添加超鏈接</li><li>添加引用</li><li>添加預定義表情</li><li>上傳圖片或直接插入圖片</li><li>添加視頻</li><li>添加表格</li><li>其它<br/></li></ul>', '2023-09-08 08:00:00', '2023-09-08 08:00:00'),
                                       (66, 66, '<h1 data-we-empty-p="" id="vzupv">測試文章詳情66</h1><blockquote><p>你可以自由的對文章詳情進行圖文混排。<br/></p></blockquote><p>關於圖文混排，你可以：</p><ul><li>段落排版</li><li>字符排版</li><li>添加超鏈接</li><li>添加引用</li><li>添加預定義表情</li><li>上傳圖片或直接插入圖片</li><li>添加視頻</li><li>添加表格</li><li>其它<br/></li></ul>', '2023-09-08 08:00:00', '2023-09-08 08:00:00'),
                                       (67, 67, '<h1 data-we-empty-p="" id="vzupv">測試文章詳情67</h1><blockquote><p>你可以自由的對文章詳情進行圖文混排。<br/></p></blockquote><p>關於圖文混排，你可以：</p><ul><li>段落排版</li><li>字符排版</li><li>添加超鏈接</li><li>添加引用</li><li>添加預定義表情</li><li>上傳圖片或直接插入圖片</li><li>添加視頻</li><li>添加表格</li><li>其它<br/></li></ul>', '2023-09-08 08:00:00', '2023-09-08 08:00:00'),
                                       (68, 68, '<h1 data-we-empty-p="" id="vzupv">測試文章詳情68</h1><blockquote><p>你可以自由的對文章詳情進行圖文混排。<br/></p></blockquote><p>關於圖文混排，你可以：</p><ul><li>段落排版</li><li>字符排版</li><li>添加超鏈接</li><li>添加引用</li><li>添加預定義表情</li><li>上傳圖片或直接插入圖片</li><li>添加視頻</li><li>添加表格</li><li>其它<br/></li></ul>', '2023-09-08 08:00:00', '2023-09-08 08:00:00'),
                                       (69, 69, '<h1 data-we-empty-p="" id="vzupv">測試文章詳情69</h1><blockquote><p>你可以自由的對文章詳情進行圖文混排。<br/></p></blockquote><p>關於圖文混排，你可以：</p><ul><li>段落排版</li><li>字符排版</li><li>添加超鏈接</li><li>添加引用</li><li>添加預定義表情</li><li>上傳圖片或直接插入圖片</li><li>添加視頻</li><li>添加表格</li><li>其它<br/></li></ul>', '2023-09-08 08:00:00', '2023-09-08 08:00:00'),
                                       (70, 70, '<h1 data-we-empty-p="" id="vzupv">測試文章詳情70</h1><blockquote><p>你可以自由的對文章詳情進行圖文混排。<br/></p></blockquote><p>關於圖文混排，你可以：</p><ul><li>段落排版</li><li>字符排版</li><li>添加超鏈接</li><li>添加引用</li><li>添加預定義表情</li><li>上傳圖片或直接插入圖片</li><li>添加視頻</li><li>添加表格</li><li>其它<br/></li></ul>', '2023-09-08 08:00:00', '2023-09-08 08:00:00'),
                                       (71, 71, '<h1 data-we-empty-p="" id="vzupv">測試文章詳情71</h1><blockquote><p>你可以自由的對文章詳情進行圖文混排。<br/></p></blockquote><p>關於圖文混排，你可以：</p><ul><li>段落排版</li><li>字符排版</li><li>添加超鏈接</li><li>添加引用</li><li>添加預定義表情</li><li>上傳圖片或直接插入圖片</li><li>添加視頻</li><li>添加表格</li><li>其它<br/></li></ul>', '2023-09-08 08:00:00', '2023-09-08 08:00:00'),
                                       (72, 72, '<h1 data-we-empty-p="" id="vzupv">測試文章詳情72</h1><blockquote><p>你可以自由的對文章詳情進行圖文混排。<br/></p></blockquote><p>關於圖文混排，你可以：</p><ul><li>段落排版</li><li>字符排版</li><li>添加超鏈接</li><li>添加引用</li><li>添加預定義表情</li><li>上傳圖片或直接插入圖片</li><li>添加視頻</li><li>添加表格</li><li>其它<br/></li></ul>', '2023-09-08 08:00:00', '2023-09-08 08:00:00'),
                                       (73, 73, '<h1 data-we-empty-p="" id="vzupv">測試文章詳情73</h1><blockquote><p>你可以自由的對文章詳情進行圖文混排。<br/></p></blockquote><p>關於圖文混排，你可以：</p><ul><li>段落排版</li><li>字符排版</li><li>添加超鏈接</li><li>添加引用</li><li>添加預定義表情</li><li>上傳圖片或直接插入圖片</li><li>添加視頻</li><li>添加表格</li><li>其它<br/></li></ul>', '2023-09-08 08:00:00', '2023-09-08 08:00:00'),
                                       (74, 74, '<h1 data-we-empty-p="" id="vzupv">測試文章詳情74</h1><blockquote><p>你可以自由的對文章詳情進行圖文混排。<br/></p></blockquote><p>關於圖文混排，你可以：</p><ul><li>段落排版</li><li>字符排版</li><li>添加超鏈接</li><li>添加引用</li><li>添加預定義表情</li><li>上傳圖片或直接插入圖片</li><li>添加視頻</li><li>添加表格</li><li>其它<br/></li></ul>', '2023-09-08 08:00:00', '2023-09-08 08:00:00'),
                                       (75, 75, '<h1 data-we-empty-p="" id="vzupv">測試文章詳情75</h1><blockquote><p>你可以自由的對文章詳情進行圖文混排。<br/></p></blockquote><p>關於圖文混排，你可以：</p><ul><li>段落排版</li><li>字符排版</li><li>添加超鏈接</li><li>添加引用</li><li>添加預定義表情</li><li>上傳圖片或直接插入圖片</li><li>添加視頻</li><li>添加表格</li><li>其它<br/></li></ul>', '2023-09-08 08:00:00', '2023-09-08 08:00:00'),
                                       (76, 76, '<h1 data-we-empty-p="" id="vzupv">測試文章詳情76</h1><blockquote><p>你可以自由的對文章詳情進行圖文混排。<br/></p></blockquote><p>關於圖文混排，你可以：</p><ul><li>段落排版</li><li>字符排版</li><li>添加超鏈接</li><li>添加引用</li><li>添加預定義表情</li><li>上傳圖片或直接插入圖片</li><li>添加視頻</li><li>添加表格</li><li>其它<br/></li></ul>', '2023-09-08 08:00:00', '2023-09-08 08:00:00'),
                                       (77, 77, '<h1 data-we-empty-p="" id="vzupv">測試文章詳情77</h1><blockquote><p>你可以自由的對文章詳情進行圖文混排。<br/></p></blockquote><p>關於圖文混排，你可以：</p><ul><li>段落排版</li><li>字符排版</li><li>添加超鏈接</li><li>添加引用</li><li>添加預定義表情</li><li>上傳圖片或直接插入圖片</li><li>添加視頻</li><li>添加表格</li><li>其它<br/></li></ul>', '2023-09-08 08:00:00', '2023-09-08 08:00:00'),
                                       (78, 78, '<h1 data-we-empty-p="" id="vzupv">測試文章詳情78</h1><blockquote><p>你可以自由的對文章詳情進行圖文混排。<br/></p></blockquote><p>關於圖文混排，你可以：</p><ul><li>段落排版</li><li>字符排版</li><li>添加超鏈接</li><li>添加引用</li><li>添加預定義表情</li><li>上傳圖片或直接插入圖片</li><li>添加視頻</li><li>添加表格</li><li>其它<br/></li></ul>', '2023-09-08 08:00:00', '2023-09-08 08:00:00'),
                                       (79, 79, '<h1 data-we-empty-p="" id="vzupv">測試文章詳情79</h1><blockquote><p>你可以自由的對文章詳情進行圖文混排。<br/></p></blockquote><p>關於圖文混排，你可以：</p><ul><li>段落排版</li><li>字符排版</li><li>添加超鏈接</li><li>添加引用</li><li>添加預定義表情</li><li>上傳圖片或直接插入圖片</li><li>添加視頻</li><li>添加表格</li><li>其它<br/></li></ul>', '2023-09-08 08:00:00', '2023-09-08 08:00:00'),
                                       (80, 80, '<h1 data-we-empty-p="" id="vzupv">測試文章詳情80</h1><blockquote><p>你可以自由的對文章詳情進行圖文混排。<br/></p></blockquote><p>關於圖文混排，你可以：</p><ul><li>段落排版</li><li>字符排版</li><li>添加超鏈接</li><li>添加引用</li><li>添加預定義表情</li><li>上傳圖片或直接插入圖片</li><li>添加視頻</li><li>添加表格</li><li>其它<br/></li></ul>', '2023-09-08 08:00:00', '2023-09-08 08:00:00'),
                                       (81, 81, '<h1 data-we-empty-p="" id="vzupv">測試文章詳情81</h1><blockquote><p>你可以自由的對文章詳情進行圖文混排。<br/></p></blockquote><p>關於圖文混排，你可以：</p><ul><li>段落排版</li><li>字符排版</li><li>添加超鏈接</li><li>添加引用</li><li>添加預定義表情</li><li>上傳圖片或直接插入圖片</li><li>添加視頻</li><li>添加表格</li><li>其它<br/></li></ul>', '2023-09-08 08:00:00', '2023-09-08 08:00:00'),
                                       (82, 82, '<h1 data-we-empty-p="" id="vzupv">測試文章詳情82</h1><blockquote><p>你可以自由的對文章詳情進行圖文混排。<br/></p></blockquote><p>關於圖文混排，你可以：</p><ul><li>段落排版</li><li>字符排版</li><li>添加超鏈接</li><li>添加引用</li><li>添加預定義表情</li><li>上傳圖片或直接插入圖片</li><li>添加視頻</li><li>添加表格</li><li>其它<br/></li></ul>', '2023-09-08 08:00:00', '2023-09-08 08:00:00'),
                                       (83, 83, '<h1 data-we-empty-p="" id="vzupv">測試文章詳情83</h1><blockquote><p>你可以自由的對文章詳情進行圖文混排。<br/></p></blockquote><p>關於圖文混排，你可以：</p><ul><li>段落排版</li><li>字符排版</li><li>添加超鏈接</li><li>添加引用</li><li>添加預定義表情</li><li>上傳圖片或直接插入圖片</li><li>添加視頻</li><li>添加表格</li><li>其它<br/></li></ul>', '2023-09-08 08:00:00', '2023-09-08 08:00:00'),
                                       (84, 84, '<h1 data-we-empty-p="" id="vzupv">測試文章詳情84</h1><blockquote><p>你可以自由的對文章詳情進行圖文混排。<br/></p></blockquote><p>關於圖文混排，你可以：</p><ul><li>段落排版</li><li>字符排版</li><li>添加超鏈接</li><li>添加引用</li><li>添加預定義表情</li><li>上傳圖片或直接插入圖片</li><li>添加視頻</li><li>添加表格</li><li>其它<br/></li></ul>', '2023-09-08 08:00:00', '2023-09-08 08:00:00'),
                                       (85, 85, '<h1 data-we-empty-p="" id="vzupv">測試文章詳情85</h1><blockquote><p>你可以自由的對文章詳情進行圖文混排。<br/></p></blockquote><p>關於圖文混排，你可以：</p><ul><li>段落排版</li><li>字符排版</li><li>添加超鏈接</li><li>添加引用</li><li>添加預定義表情</li><li>上傳圖片或直接插入圖片</li><li>添加視頻</li><li>添加表格</li><li>其它<br/></li></ul>', '2023-09-08 08:00:00', '2023-09-08 08:00:00'),
                                       (86, 86, '<h1 data-we-empty-p="" id="vzupv">測試文章詳情86</h1><blockquote><p>你可以自由的對文章詳情進行圖文混排。<br/></p></blockquote><p>關於圖文混排，你可以：</p><ul><li>段落排版</li><li>字符排版</li><li>添加超鏈接</li><li>添加引用</li><li>添加預定義表情</li><li>上傳圖片或直接插入圖片</li><li>添加視頻</li><li>添加表格</li><li>其它<br/></li></ul>', '2023-09-08 08:00:00', '2023-09-08 08:00:00'),
                                       (87, 87, '<h1 data-we-empty-p="" id="vzupv">測試文章詳情87</h1><blockquote><p>你可以自由的對文章詳情進行圖文混排。<br/></p></blockquote><p>關於圖文混排，你可以：</p><ul><li>段落排版</li><li>字符排版</li><li>添加超鏈接</li><li>添加引用</li><li>添加預定義表情</li><li>上傳圖片或直接插入圖片</li><li>添加視頻</li><li>添加表格</li><li>其它<br/></li></ul>', '2023-09-08 08:00:00', '2023-09-08 08:00:00'),
                                       (88, 88, '<h1 data-we-empty-p="" id="vzupv">測試文章詳情88</h1><blockquote><p>你可以自由的對文章詳情進行圖文混排。<br/></p></blockquote><p>關於圖文混排，你可以：</p><ul><li>段落排版</li><li>字符排版</li><li>添加超鏈接</li><li>添加引用</li><li>添加預定義表情</li><li>上傳圖片或直接插入圖片</li><li>添加視頻</li><li>添加表格</li><li>其它<br/></li></ul>', '2023-09-08 08:00:00', '2023-09-08 08:00:00'),
                                       (89, 89, '<h1 data-we-empty-p="" id="vzupv">測試文章詳情89</h1><blockquote><p>你可以自由的對文章詳情進行圖文混排。<br/></p></blockquote><p>關於圖文混排，你可以：</p><ul><li>段落排版</li><li>字符排版</li><li>添加超鏈接</li><li>添加引用</li><li>添加預定義表情</li><li>上傳圖片或直接插入圖片</li><li>添加視頻</li><li>添加表格</li><li>其它<br/></li></ul>', '2023-09-08 08:00:00', '2023-09-08 08:00:00'),
                                       (90, 90, '<h1 data-we-empty-p="" id="vzupv">測試文章詳情90</h1><blockquote><p>你可以自由的對文章詳情進行圖文混排。<br/></p></blockquote><p>關於圖文混排，你可以：</p><ul><li>段落排版</li><li>字符排版</li><li>添加超鏈接</li><li>添加引用</li><li>添加預定義表情</li><li>上傳圖片或直接插入圖片</li><li>添加視頻</li><li>添加表格</li><li>其它<br/></li></ul>', '2023-09-08 08:00:00', '2023-09-08 08:00:00'),
                                       (91, 91, '<h1 data-we-empty-p="" id="vzupv">測試文章詳情91</h1><blockquote><p>你可以自由的對文章詳情進行圖文混排。<br/></p></blockquote><p>關於圖文混排，你可以：</p><ul><li>段落排版</li><li>字符排版</li><li>添加超鏈接</li><li>添加引用</li><li>添加預定義表情</li><li>上傳圖片或直接插入圖片</li><li>添加視頻</li><li>添加表格</li><li>其它<br/></li></ul>', '2023-09-08 08:00:00', '2023-09-08 08:00:00'),
                                       (92, 92, '<h1 data-we-empty-p="" id="vzupv">測試文章詳情92</h1><blockquote><p>你可以自由的對文章詳情進行圖文混排。<br/></p></blockquote><p>關於圖文混排，你可以：</p><ul><li>段落排版</li><li>字符排版</li><li>添加超鏈接</li><li>添加引用</li><li>添加預定義表情</li><li>上傳圖片或直接插入圖片</li><li>添加視頻</li><li>添加表格</li><li>其它<br/></li></ul>', '2023-09-08 08:00:00', '2023-09-08 08:00:00'),
                                       (93, 93, '<h1 data-we-empty-p="" id="vzupv">測試文章詳情93</h1><blockquote><p>你可以自由的對文章詳情進行圖文混排。<br/></p></blockquote><p>關於圖文混排，你可以：</p><ul><li>段落排版</li><li>字符排版</li><li>添加超鏈接</li><li>添加引用</li><li>添加預定義表情</li><li>上傳圖片或直接插入圖片</li><li>添加視頻</li><li>添加表格</li><li>其它<br/></li></ul>', '2023-09-08 08:00:00', '2023-09-08 08:00:00'),
                                       (94, 94, '<h1 data-we-empty-p="" id="vzupv">測試文章詳情94</h1><blockquote><p>你可以自由的對文章詳情進行圖文混排。<br/></p></blockquote><p>關於圖文混排，你可以：</p><ul><li>段落排版</li><li>字符排版</li><li>添加超鏈接</li><li>添加引用</li><li>添加預定義表情</li><li>上傳圖片或直接插入圖片</li><li>添加視頻</li><li>添加表格</li><li>其它<br/></li></ul>', '2023-09-08 08:00:00', '2023-09-08 08:00:00'),
                                       (95, 95, '<h1 data-we-empty-p="" id="vzupv">測試文章詳情95</h1><blockquote><p>你可以自由的對文章詳情進行圖文混排。<br/></p></blockquote><p>關於圖文混排，你可以：</p><ul><li>段落排版</li><li>字符排版</li><li>添加超鏈接</li><li>添加引用</li><li>添加預定義表情</li><li>上傳圖片或直接插入圖片</li><li>添加視頻</li><li>添加表格</li><li>其它<br/></li></ul>', '2023-09-08 08:00:00', '2023-09-08 08:00:00'),
                                       (96, 96, '<h1 data-we-empty-p="" id="vzupv">測試文章詳情96</h1><blockquote><p>你可以自由的對文章詳情進行圖文混排。<br/></p></blockquote><p>關於圖文混排，你可以：</p><ul><li>段落排版</li><li>字符排版</li><li>添加超鏈接</li><li>添加引用</li><li>添加預定義表情</li><li>上傳圖片或直接插入圖片</li><li>添加視頻</li><li>添加表格</li><li>其它<br/></li></ul>', '2023-09-08 08:00:00', '2023-09-08 08:00:00'),
                                       (97, 97, '<h1 data-we-empty-p="" id="vzupv">測試文章詳情97</h1><blockquote><p>你可以自由的對文章詳情進行圖文混排。<br/></p></blockquote><p>關於圖文混排，你可以：</p><ul><li>段落排版</li><li>字符排版</li><li>添加超鏈接</li><li>添加引用</li><li>添加預定義表情</li><li>上傳圖片或直接插入圖片</li><li>添加視頻</li><li>添加表格</li><li>其它<br/></li></ul>', '2023-09-08 08:00:00', '2023-09-08 08:00:00'),
                                       (98, 98, '<h1 data-we-empty-p="" id="vzupv">測試文章詳情98</h1><blockquote><p>你可以自由的對文章詳情進行圖文混排。<br/></p></blockquote><p>關於圖文混排，你可以：</p><ul><li>段落排版</li><li>字符排版</li><li>添加超鏈接</li><li>添加引用</li><li>添加預定義表情</li><li>上傳圖片或直接插入圖片</li><li>添加視頻</li><li>添加表格</li><li>其它<br/></li></ul>', '2023-09-08 08:00:00', '2023-09-08 08:00:00'),
                                       (99, 99, '<h1 data-we-empty-p="" id="vzupv">測試文章詳情99</h1><blockquote><p>你可以自由的對文章詳情進行圖文混排。<br/></p></blockquote><p>關於圖文混排，你可以：</p><ul><li>段落排版</li><li>字符排版</li><li>添加超鏈接</li><li>添加引用</li><li>添加預定義表情</li><li>上傳圖片或直接插入圖片</li><li>添加視頻</li><li>添加表格</li><li>其它<br/></li></ul>', '2023-09-08 08:00:00', '2023-09-08 08:00:00'),
                                       (100, 100, '<h1 data-we-empty-p="" id="vzupv">測試文章詳情100</h1><blockquote><p>你可以自由的對文章詳情進行圖文混排。<br/></p></blockquote><p>關於圖文混排，你可以：</p><ul><li>段落排版</li><li>字符排版</li><li>添加超鏈接</li><li>添加引用</li><li>添加預定義表情</li><li>上傳圖片或直接插入圖片</li><li>添加視頻</li><li>添加表格</li><li>其它<br/></li></ul>', '2023-09-08 08:00:00', '2023-09-08 08:00:00'),
                                       (101, 101, '<h1 data-we-empty-p="" id="vzupv">測試文章詳情101</h1><blockquote><p>你可以自由的對文章詳情進行圖文混排。<br/></p></blockquote><p>關於圖文混排，你可以：</p><ul><li>段落排版</li><li>字符排版</li><li>添加超鏈接</li><li>添加引用</li><li>添加預定義表情</li><li>上傳圖片或直接插入圖片</li><li>添加視頻</li><li>添加表格</li><li>其它<br/></li></ul>', '2023-09-08 08:00:00', '2023-09-08 08:00:00'),
                                       (102, 102, '<h1 data-we-empty-p="" id="vzupv">測試文章詳情102</h1><blockquote><p>你可以自由的對文章詳情進行圖文混排。<br/></p></blockquote><p>關於圖文混排，你可以：</p><ul><li>段落排版</li><li>字符排版</li><li>添加超鏈接</li><li>添加引用</li><li>添加預定義表情</li><li>上傳圖片或直接插入圖片</li><li>添加視頻</li><li>添加表格</li><li>其它<br/></li></ul>', '2023-09-08 08:00:00', '2023-09-08 08:00:00'),
                                       (103, 103, '<h1 data-we-empty-p="" id="vzupv">測試文章詳情103</h1><blockquote><p>你可以自由的對文章詳情進行圖文混排。<br/></p></blockquote><p>關於圖文混排，你可以：</p><ul><li>段落排版</li><li>字符排版</li><li>添加超鏈接</li><li>添加引用</li><li>添加預定義表情</li><li>上傳圖片或直接插入圖片</li><li>添加視頻</li><li>添加表格</li><li>其它<br/></li></ul>', '2023-09-08 08:00:00', '2023-09-08 08:00:00'),
                                       (104, 104, '<h1 data-we-empty-p="" id="vzupv">測試文章詳情104</h1><blockquote><p>你可以自由的對文章詳情進行圖文混排。<br/></p></blockquote><p>關於圖文混排，你可以：</p><ul><li>段落排版</li><li>字符排版</li><li>添加超鏈接</li><li>添加引用</li><li>添加預定義表情</li><li>上傳圖片或直接插入圖片</li><li>添加視頻</li><li>添加表格</li><li>其它<br/></li></ul>', '2023-09-08 08:00:00', '2023-09-08 08:00:00'),
                                       (105, 105, '<h1 data-we-empty-p="" id="vzupv">測試文章詳情105</h1><blockquote><p>你可以自由的對文章詳情進行圖文混排。<br/></p></blockquote><p>關於圖文混排，你可以：</p><ul><li>段落排版</li><li>字符排版</li><li>添加超鏈接</li><li>添加引用</li><li>添加預定義表情</li><li>上傳圖片或直接插入圖片</li><li>添加視頻</li><li>添加表格</li><li>其它<br/></li></ul>', '2023-09-08 08:00:00', '2023-09-08 08:00:00'),
                                       (106, 106, '<h1 data-we-empty-p="" id="vzupv">測試文章詳情106</h1><blockquote><p>你可以自由的對文章詳情進行圖文混排。<br/></p></blockquote><p>關於圖文混排，你可以：</p><ul><li>段落排版</li><li>字符排版</li><li>添加超鏈接</li><li>添加引用</li><li>添加預定義表情</li><li>上傳圖片或直接插入圖片</li><li>添加視頻</li><li>添加表格</li><li>其它<br/></li></ul>', '2023-09-08 08:00:00', '2023-09-08 08:00:00'),
                                       (107, 107, '<h1 data-we-empty-p="" id="vzupv">測試文章詳情107</h1><blockquote><p>你可以自由的對文章詳情進行圖文混排。<br/></p></blockquote><p>關於圖文混排，你可以：</p><ul><li>段落排版</li><li>字符排版</li><li>添加超鏈接</li><li>添加引用</li><li>添加預定義表情</li><li>上傳圖片或直接插入圖片</li><li>添加視頻</li><li>添加表格</li><li>其它<br/></li></ul>', '2023-09-08 08:00:00', '2023-09-08 08:00:00'),
                                       (108, 108, '<h1 data-we-empty-p="" id="vzupv">測試文章詳情108</h1><blockquote><p>你可以自由的對文章詳情進行圖文混排。<br/></p></blockquote><p>關於圖文混排，你可以：</p><ul><li>段落排版</li><li>字符排版</li><li>添加超鏈接</li><li>添加引用</li><li>添加預定義表情</li><li>上傳圖片或直接插入圖片</li><li>添加視頻</li><li>添加表格</li><li>其它<br/></li></ul>', '2023-09-08 08:00:00', '2023-09-08 08:00:00')
;

TRUNCATE content_comment;
INSERT INTO content_comment
VALUES (1, 1, 'root', 0, 1, '第1篇文章不錯1', '', '127.0.0.1', 1, 0, 0, 1, 1, '2023-09-08 08:00:00', '2023-09-08 08:00:00'),
       (2, 1, 'root', 0, 1, '第1篇文章很不錯2', '', '127.0.0.1', 2, 0, 0, 1, 1, '2023-09-08 08:10:00', '2023-09-08 08:10:00'),
       (3, 1, 'root', 0, 1, '第1篇文章真不錯3', '', '127.0.0.1', 3, 0, 0, 1, 1, '2023-09-08 08:20:00', '2023-09-08 08:20:00'),
       (4, 1, 'root', 0, 1, '第1篇文章非常不錯4', '', '127.0.0.1', 4, 0, 0, 1, 1, '2023-09-08 08:30:00', '2023-09-08 08:30:00'),
       (5, 1, 'root', 0, 1, '第1篇文章特別不錯5', '', '127.0.0.1', 5, 0, 0, 1, 1, '2023-09-08 08:40:00', '2023-09-08 08:40:00'),
       (6, 1, 'root', 0, 1, '第1篇文章一般6', '', '127.0.0.1', 6, 0, 0, 1, 1, '2023-09-08 09:00:00', '2023-09-08 09:00:00'),
       (7, 1, 'root', 0, 1, '第1篇文章很一般7', '', '127.0.0.1', 7, 0, 0, 1, 1, '2023-09-08 09:10:00', '2023-09-08 09:10:00'),
       (8, 1, 'root', 0, 1, '第1篇文章真的一般8', '', '127.0.0.1', 8, 0, 0, 1, 1, '2023-09-08 09:20:00', '2023-09-08 09:20:00'),
       (9, 1, 'root', 0, 1, '第1篇文章非常一般9', '', '127.0.0.1', 9, 0, 0, 1, 1, '2023-09-08 09:30:00', '2023-09-08 09:30:00'),
       (10, 1, 'root', 0, 1, '第1篇文章特別一般10', '', '127.0.0.1', 10, 0, 0, 1, 1, '2023-09-08 09:40:00', '2023-09-08 09:40:00'),

       (11, 1, 'root', 0, 2, '第2篇文章不錯1', '', '127.0.0.1', 1, 0, 0, 1, 1, '2023-09-08 08:00:00', '2023-09-08 08:00:00'),
       (12, 1, 'root', 0, 2, '第2篇文章很不錯2', '', '127.0.0.1', 2, 0, 0, 1, 1, '2023-09-08 08:10:00', '2023-09-08 08:10:00'),
       (13, 1, 'root', 0, 2, '第2篇文章真不錯3', '', '127.0.0.1', 3, 0, 0, 1, 1, '2023-09-08 08:20:00', '2023-09-08 08:20:00'),
       (14, 1, 'root', 0, 2, '第2篇文章非常不錯4', '', '127.0.0.1', 4, 0, 0, 1, 1, '2023-09-08 08:30:00', '2023-09-08 08:30:00'),
       (15, 1, 'root', 0, 2, '第2篇文章特別不錯5', '', '127.0.0.1', 5, 0, 0, 1, 1, '2023-09-08 08:40:00', '2023-09-08 08:40:00'),
       (16, 1, 'root', 0, 2, '第2篇文章一般6', '', '127.0.0.1', 6, 0, 0, 1, 1, '2023-09-08 09:00:00', '2023-09-08 09:00:00'),
       (17, 1, 'root', 0, 2, '第2篇文章很一般7', '', '127.0.0.1', 7, 0, 0, 1, 1, '2023-09-08 09:10:00', '2023-09-08 09:10:00'),
       (18, 1, 'root', 0, 2, '第2篇文章真的一般8', '', '127.0.0.1', 8, 0, 0, 1, 1, '2023-09-08 09:20:00', '2023-09-08 09:20:00'),
       (19, 1, 'root', 0, 2, '第2篇文章非常一般9', '', '127.0.0.1', 9, 0, 0, 1, 1, '2023-09-08 09:30:00', '2023-09-08 09:30:00'),
       (20, 1, 'root', 0, 2, '第2篇文章特別一般10', '', '127.0.0.1', 10, 0, 0, 1, 1, '2023-09-08 09:40:00', '2023-09-08 09:40:00')
;